feature	metadata	value	coef	stderr	N	N.not.0	pval	qval
k__Bacteria.p__Firmicutes.c__Bacilli.o__Lactobacillales.f__Lactobacillaceae.g__Lactobacillus	Sex	M	-6.4164514256022	0.750890602733467	36	21	9.152868987098e-10	1.8397266664067e-07
k__Bacteria.p__Firmicutes.c__Bacilli.o__Lactobacillales.f__Lactobacillaceae.g__HT002	Sex	M	-4.15341026930612	0.71330088702891	36	25	1.81403799345187e-06	0.000182310818341913
k__Bacteria.p__Bacteroidota.c__Bacteroidia.o__Bacteroidales.f__Rikenellaceae.g__Alistipes	Sex	M	-0.847593165896465	0.282831797075893	36	36	0.00523717113559707	0.18755339503684
k__Bacteria.p__Bacteroidota.c__Bacteroidia.o__Bacteroidales.f__Rikenellaceae.g__Rikenella	Sex	M	-0.988172369137567	0.327115383135545	36	36	0.00492483216373244	0.18755339503684
k__Bacteria.p__Firmicutes.c__Clostridia.o__Clostridiales.f__Clostridiaceae.g__Clostridium.sensu.stricto.1	Sex	M	-2.49609517341647	0.815004867668257	36	22	0.00442359930319019	0.18755339503684
k__Bacteria.p__Firmicutes.c__Clostridia.o__Lachnospirales.f__Lachnospiraceae.g__Tuzzerella	Genotype	HET	-1.31535667160198	0.442790265436471	36	10	0.00559860880706987	0.18755339503684
k__Bacteria.p__Firmicutes.c__Clostridia.o__Lachnospirales.f__Lachnospiraceae.g__Tuzzerella	Genotype	MUT	-1.13179071477009	0.442790265436471	36	10	0.0155372345288211	0.424729082727717
k__Bacteria.p__Proteobacteria.c__Alphaproteobacteria.o__Rhodospirillales.f__.g__	Genotype	HET	2.04414680207322	0.811033407878838	36	21	0.0169046401085658	0.424729082727717
k__Bacteria.p__Firmicutes.c__Bacilli.o__RF39.f__.g__	Genotype	HET	1.5479655784309	0.643341457338631	36	28	0.0220720286637014	0.443647776140397
k__Bacteria.p__Firmicutes.c__Clostridia.o__Oscillospirales.f__UCG.010.g__	Genotype	HET	1.47182792369935	0.603288132720725	36	21	0.0204229575332528	0.443647776140397
k__Bacteria.p__Firmicutes.c__Clostridia.o__Lachnospirales.f__Lachnospiraceae.g__ASF356	Genotype	MUT	1.94243231874557	0.839645420982808	36	19	0.0272810891594824	0.498499901914179
k__Bacteria.p__Firmicutes.c__Clostridia.o__Lachnospirales.f__Lachnospiraceae.g__Roseburia	Sex	M	-1.68955671360119	0.756846183752628	36	29	0.0327158343334741	0.50583713084833
k__Bacteria.p__Firmicutes.c__Clostridia.o__Lachnospirales.f__Lachnospiraceae.g__.Eubacterium..ventriosum.group	Sex	M	1.83011829689961	0.816492045156458	36	14	0.0320621655070709	0.50583713084833
k__Bacteria.p__Proteobacteria.c__Alphaproteobacteria.o__Rickettsiales.f__Mitochondria.g__	Genotype	MUT	1.76936519809357	0.806248762691687	36	7	0.0355686466170196	0.510664140715782
k__Bacteria.p__Firmicutes.c__Bacilli.o__Lactobacillales.f__Streptococcaceae.g__Streptococcus	Genotype	MUT	0.91879065048382	0.428280186736257	36	18	0.0396190822492764	0.529425793373146
k__Bacteria.p__Firmicutes.c__Clostridia.o__Lachnospirales.f__Lachnospiraceae.g__Lachnospiraceae.UCG.006	Genotype	HET	1.29820678043282	0.626131184595299	36	34	0.0462687688555672	0.529425793373146
k__Bacteria.p__Firmicutes.c__Clostridia.o__Peptococcales.f__Peptococcaceae.g__	Sex	M	-0.993243499975307	0.481700541605432	36	31	0.0474112650781922	0.529425793373146
k__Bacteria.p__Proteobacteria.c__Gammaproteobacteria.o__Enterobacterales.f__Enterobacteriaceae.g__Escherichia.Shigella	Sex	M	-0.45689056706763	0.218364950971103	36	6	0.044427666224512	0.529425793373146
k__Bacteria.p__Firmicutes.c__Clostridia.o__Lachnospirales.f__Lachnospiraceae.g__Lachnospiraceae.UCG.001	Genotype	HET	-2.16347813067026	1.11457219744474	36	25	0.06109910924111	0.565516240233023
k__Bacteria.p__Firmicutes.c__Clostridia.o__Oscillospirales.f__Ruminococcaceae.g__Incertae.Sedis	Genotype	HET	-1.35208507073703	0.714508501362857	36	26	0.0675243271920027	0.565516240233023
k__Bacteria.p__Firmicutes.c__Clostridia.o__Oscillospirales.f__Ruminococcaceae.g__.Eubacterium..siraeum.group	Sex	M	-1.08372783598792	0.567088412986507	36	26	0.0649928228734727	0.565516240233023
k__Bacteria.p__Firmicutes.c__Clostridia.o__Oscillospirales.f__Ruminococcaceae.g__.Eubacterium..siraeum.group	Genotype	HET	-1.33129277790113	0.69453862543082	36	26	0.0642297535619357	0.565516240233023
k__Bacteria.p__Firmicutes.c__Clostridia.o__Oscillospirales.f__Ruminococcaceae.g__.Eubacterium..siraeum.group	Genotype	MUT	-1.36624417804062	0.69453862543082	36	26	0.0578896398817502	0.565516240233023
k__Bacteria.p__Firmicutes.c__Clostridia.o__Oscillospirales.f__.Eubacterium..coprostanoligenes.group.g__	Sex	M	1.26260201831053	0.642132258299748	36	31	0.0579932547195406	0.565516240233023
k__Bacteria.p__Proteobacteria.c__Alphaproteobacteria.o__Rhodospirillales.f__.g__	Sex	M	1.21024816789509	0.662206004551233	36	21	0.0769476519277203	0.618659121498871
k__Bacteria.p__Firmicutes.c__Bacilli.o__Erysipelotrichales.f__Erysipelotrichaceae.g__Faecalibaculum	Genotype	HET	1.5161459611026	0.941743459070685	36	25	0.11723412488795	0.764409622304618
k__Bacteria.p__Firmicutes.c__Bacilli.o__Staphylococcales.f__Staphylococcaceae.g__Staphylococcus	Sex	M	-0.331569188119943	0.206337179549205	36	7	0.117894021350463	0.764409622304618
k__Bacteria.p__Firmicutes.c__Clostridia.o__Lachnospirales.f__Lachnospiraceae.g__Lachnospiraceae.UCG.001	Genotype	MUT	-1.79807030632448	1.11457219744474	36	25	0.116512628243413	0.764409622304618
k__Bacteria.p__Firmicutes.c__Clostridia.o__Oscillospirales.f__Oscillospiraceae.g__Colidextribacter	Sex	M	-0.738526696877772	0.455432782849489	36	32	0.114703784617499	0.764409622304618
k__Bacteria.p__Firmicutes.c__Clostridia.o__Oscillospirales.f__Oscillospiraceae.g__NK4A214.group	Genotype	HET	-0.745706459516219	0.44897767583915	36	20	0.106502361563687	0.764409622304618
k__Bacteria.p__Firmicutes.c__Clostridia.o__Oscillospirales.f__.Eubacterium..coprostanoligenes.group.g__	Genotype	MUT	-1.28263561437471	0.786448190107715	36	31	0.112711557724429	0.764409622304618
k__Bacteria.p__Bacteroidota.c__Bacteroidia.o__Bacteroidales.f__Rikenellaceae.g__Alistipes	Genotype	MUT	0.549102407960133	0.346396792935166	36	36	0.122758713339763	0.771078168165383
k__Bacteria.p__Firmicutes.c__Clostridia.o__Clostridia.UCG.014.f__.g__	Genotype	MUT	-1.04220530198881	0.671876089071768	36	34	0.130691946600634	0.796032765658405
k__Bacteria.p__Firmicutes.c__Clostridia.o__Lachnospirales.f__Lachnospiraceae.g__GCA.900066575	Genotype	HET	-0.946718437200392	0.62545586830409	36	34	0.139931042298123	0.827239397115375
k__Bacteria.p__Desulfobacterota.c__Desulfovibrionia.o__Desulfovibrionales.f__Desulfovibrionaceae.g__Bilophila	Sex	M	-0.913415778413093	0.624943489276939	36	17	0.153602942840595	0.862424253851986
k__Bacteria.p__Firmicutes.c__Bacilli.o__Erysipelotrichales.f__Erysipelatoclostridiaceae.g__Erysipelatoclostridium	Sex	M	-1.12041289939503	0.7735007447444	36	25	0.157206934863675	0.862424253851986
k__Bacteria.p__Firmicutes.c__Bacilli.o__Erysipelotrichales.f__Erysipelotrichaceae.g__Faecalibaculum	Genotype	MUT	-1.3359003938805	0.941743459070685	36	25	0.165699784393966	0.862424253851986
k__Bacteria.p__Firmicutes.c__Bacilli.o__Lactobacillales.f__Streptococcaceae.g__Streptococcus	Sex	M	-0.501373671383473	0.349689308149242	36	18	0.161338029846637	0.862424253851986
k__Bacteria.p__Firmicutes.c__Clostridia.o__Clostridiales.f__Clostridiaceae.g__Clostridium.sensu.stricto.1	Genotype	MUT	-1.41032664423226	0.998173031835878	36	22	0.167336049254863	0.862424253851986
k__Bacteria.p__Actinobacteriota.c__Coriobacteriia.o__Coriobacteriales.f__Atopobiaceae.g__Coriobacteriaceae.UCG.002	Sex	M	0.508283461236169	0.657680110461551	36	11	0.445286617614416	0.872689541501656
k__Bacteria.p__Actinobacteriota.c__Coriobacteriia.o__Coriobacteriales.f__Atopobiaceae.g__Coriobacteriaceae.UCG.002	Genotype	HET	0.460293614933824	0.805490342304038	36	11	0.571690100226208	0.872689541501656
k__Bacteria.p__Actinobacteriota.c__Coriobacteriia.o__Coriobacteriales.f__Eggerthellaceae.g__Enterorhabdus	Genotype	HET	0.410122664888843	0.49830331548338	36	34	0.416577816628095	0.872689541501656
k__Bacteria.p__Bacteroidota.c__Bacteroidia.o__Bacteroidales.f__Bacteroidaceae.g__Bacteroides	Genotype	HET	0.484045547344998	0.361706462833407	36	36	0.19025420829165	0.872689541501656
k__Bacteria.p__Bacteroidota.c__Bacteroidia.o__Bacteroidales.f__Bacteroidaceae.g__Bacteroides	Genotype	MUT	0.223856740659638	0.361706462833407	36	36	0.540369555174557	0.872689541501656
k__Bacteria.p__Bacteroidota.c__Bacteroidia.o__Bacteroidales.f__Marinifilaceae.g__Odoribacter	Genotype	HET	0.19799639289485	0.343081219257542	36	36	0.567901909813389	0.872689541501656
k__Bacteria.p__Bacteroidota.c__Bacteroidia.o__Bacteroidales.f__Marinifilaceae.g__Odoribacter	Genotype	MUT	0.263985051358743	0.343081219257542	36	36	0.447266936989382	0.872689541501656
k__Bacteria.p__Bacteroidota.c__Bacteroidia.o__Bacteroidales.f__Muribaculaceae.g__	Sex	M	0.0919652896210293	0.166921344224964	36	36	0.585494491985837	0.872689541501656
k__Bacteria.p__Bacteroidota.c__Bacteroidia.o__Bacteroidales.f__Muribaculaceae.g__	Genotype	MUT	0.165572636102256	0.204436060265315	36	36	0.423979979772549	0.872689541501656
k__Bacteria.p__Bacteroidota.c__Bacteroidia.o__Bacteroidales.f__Muribaculaceae.g__Muribaculum	Sex	M	0.203555155851787	0.334215007565349	36	36	0.546788293708257	0.872689541501656
k__Bacteria.p__Bacteroidota.c__Bacteroidia.o__Bacteroidales.f__Muribaculaceae.g__Muribaculum	Genotype	MUT	0.428399065970216	0.409328116457762	36	36	0.303129696241063	0.872689541501656
k__Bacteria.p__Bacteroidota.c__Bacteroidia.o__Bacteroidales.f__Rikenellaceae.g__Alistipes	Genotype	HET	-0.202280468670998	0.346396792935166	36	36	0.563344065418771	0.872689541501656
k__Bacteria.p__Bacteroidota.c__Bacteroidia.o__Bacteroidales.f__Rikenellaceae.g__Rikenella	Genotype	HET	-0.282649011713727	0.400632887848553	36	36	0.485599680127593	0.872689541501656
k__Bacteria.p__Bacteroidota.c__Bacteroidia.o__Bacteroidales.f__Rikenellaceae.g__Rikenellaceae.RC9.gut.group	Sex	M	0.346830153952374	0.392112778581419	36	36	0.383015520017019	0.872689541501656
k__Bacteria.p__Bacteroidota.c__Bacteroidia.o__Bacteroidales.f__Rikenellaceae.g__Rikenellaceae.RC9.gut.group	Genotype	MUT	0.475231324204968	0.480238114574699	36	36	0.329806196439426	0.872689541501656
k__Bacteria.p__Bacteroidota.c__Bacteroidia.o__Bacteroidales.f__Tannerellaceae.g__Parabacteroides	Sex	M	0.342087944088424	0.567372289440922	36	36	0.550802323188785	0.872689541501656
k__Bacteria.p__Bacteroidota.c__Bacteroidia.o__Bacteroidales.f__Tannerellaceae.g__Parabacteroides	Genotype	HET	-0.502086146466894	0.694886301662473	36	36	0.47520773492419	0.872689541501656
k__Bacteria.p__Bacteroidota.c__Bacteroidia.o__Bacteroidales.f__Tannerellaceae.g__Parabacteroides	Genotype	MUT	0.732005634351692	0.694886301662473	36	36	0.300039069142823	0.872689541501656
k__Bacteria.p__Cyanobacteria.c__Vampirivibrionia.o__Gastranaerophilales.f__.g__	Sex	M	0.370123271626126	0.698849468201676	36	32	0.600032296433207	0.872689541501656
k__Bacteria.p__Cyanobacteria.c__Vampirivibrionia.o__Gastranaerophilales.f__.g__	Genotype	HET	-1.10470168708751	0.855912302054741	36	32	0.206065284812992	0.872689541501656
k__Bacteria.p__Cyanobacteria.c__Vampirivibrionia.o__Gastranaerophilales.f__.g__	Genotype	MUT	-0.727279947776315	0.855912302054742	36	32	0.401797315636224	0.872689541501656
k__Bacteria.p__Desulfobacterota.c__Desulfovibrionia.o__Desulfovibrionales.f__Desulfovibrionaceae.g__Bilophila	Genotype	HET	-1.01598747750712	0.765396333401495	36	17	0.193769120172286	0.872689541501656
k__Bacteria.p__Desulfobacterota.c__Desulfovibrionia.o__Desulfovibrionales.f__Desulfovibrionaceae.g__Bilophila	Genotype	MUT	-0.352965054335206	0.765396333401495	36	17	0.6478078445291	0.872689541501656
k__Bacteria.p__Desulfobacterota.c__Desulfovibrionia.o__Desulfovibrionales.f__Desulfovibrionaceae.g__Desulfovibrio	Sex	M	-0.81932520268804	0.616842944743115	36	34	0.193489658617331	0.872689541501656
k__Bacteria.p__Desulfobacterota.c__Desulfovibrionia.o__Desulfovibrionales.f__Desulfovibrionaceae.g__Desulfovibrio	Genotype	HET	0.715362129291642	0.755475233028215	36	34	0.35078405900266	0.872689541501656
k__Bacteria.p__Desulfobacterota.c__Desulfovibrionia.o__Desulfovibrionales.f__Desulfovibrionaceae.g__Desulfovibrio	Genotype	MUT	0.941917037657139	0.755475233028215	36	34	0.221524660422973	0.872689541501656
k__Bacteria.p__Firmicutes.c__Bacilli.o__Acholeplasmatales.f__Acholeplasmataceae.g__Anaeroplasma	Genotype	HET	0.824766349011112	0.753717242334411	36	27	0.282007483760194	0.872689541501656
k__Bacteria.p__Firmicutes.c__Bacilli.o__Acholeplasmatales.f__Acholeplasmataceae.g__Anaeroplasma	Genotype	MUT	0.376499749099581	0.753717242334411	36	27	0.620827737953205	0.872689541501656
k__Bacteria.p__Firmicutes.c__Bacilli.o__Erysipelotrichales.f__Erysipelatoclostridiaceae.g__Erysipelatoclostridium	Genotype	HET	1.27681647055778	0.947341070143279	36	25	0.187191025749267	0.872689541501656
k__Bacteria.p__Firmicutes.c__Bacilli.o__Erysipelotrichales.f__Erysipelatoclostridiaceae.g__Erysipelatoclostridium	Genotype	MUT	0.982321302466398	0.947341070143279	36	25	0.307543460888392	0.872689541501656
k__Bacteria.p__Firmicutes.c__Bacilli.o__Erysipelotrichales.f__Erysipelotrichaceae.g__	Sex	M	-0.463140624126449	0.682116161824848	36	28	0.502034590973904	0.872689541501656
k__Bacteria.p__Firmicutes.c__Bacilli.o__Erysipelotrichales.f__Erysipelotrichaceae.g__	Genotype	HET	0.856446233282069	0.835418270888298	36	28	0.312970346259181	0.872689541501656
k__Bacteria.p__Firmicutes.c__Bacilli.o__Erysipelotrichales.f__Erysipelotrichaceae.g__	Genotype	MUT	0.441412086751919	0.835418270888298	36	28	0.600886353448884	0.872689541501656
k__Bacteria.p__Firmicutes.c__Bacilli.o__Erysipelotrichales.f__Erysipelotrichaceae.g__Turicibacter	Sex	M	-1.07517194338763	1.09094903256621	36	25	0.331753274785105	0.872689541501656
k__Bacteria.p__Firmicutes.c__Bacilli.o__Erysipelotrichales.f__Erysipelotrichaceae.g__Turicibacter	Genotype	HET	-0.849678742390906	1.33613423258508	36	25	0.52934874833358	0.872689541501656
k__Bacteria.p__Firmicutes.c__Bacilli.o__Erysipelotrichales.f__Erysipelotrichaceae.g__Turicibacter	Genotype	MUT	-0.992144363398488	1.33613423258508	36	25	0.463171455465867	0.872689541501656
k__Bacteria.p__Firmicutes.c__Bacilli.o__Lactobacillales.f__Enterococcaceae.g__Enterococcus	Sex	M	0.223813130673058	0.374314257965886	36	6	0.554096194448252	0.872689541501656
k__Bacteria.p__Firmicutes.c__Bacilli.o__Lactobacillales.f__Enterococcaceae.g__Enterococcus	Genotype	HET	-0.270399521143321	0.458439467732467	36	6	0.559449401258996	0.872689541501656
k__Bacteria.p__Firmicutes.c__Bacilli.o__Lactobacillales.f__Lactobacillaceae.g__HT002	Genotype	HET	-0.412810105341483	0.873611603147729	36	25	0.63975353876739	0.872689541501656
k__Bacteria.p__Firmicutes.c__Bacilli.o__Lactobacillales.f__Lactobacillaceae.g__Ligilactobacillus	Sex	M	0.185880505961256	0.321748836032736	36	36	0.567496919781096	0.872689541501656
k__Bacteria.p__Firmicutes.c__Bacilli.o__Lactobacillales.f__Lactobacillaceae.g__Ligilactobacillus	Genotype	MUT	-0.465617506724131	0.394060236807307	36	36	0.246075491451773	0.872689541501656
k__Bacteria.p__Firmicutes.c__Bacilli.o__Lactobacillales.f__Streptococcaceae.g__Streptococcus	Genotype	HET	0.589523479053386	0.428280186736257	36	18	0.17822583215203	0.872689541501656
k__Bacteria.p__Firmicutes.c__Bacilli.o__RF39.f__.g__	Sex	M	0.54380126414674	0.525286100286053	36	28	0.308313664818223	0.872689541501656
k__Bacteria.p__Firmicutes.c__Bacilli.o__RF39.f__.g__	Genotype	MUT	0.472624582038393	0.643341457338631	36	28	0.467908286817767	0.872689541501656
k__Bacteria.p__Firmicutes.c__Bacilli.o__Staphylococcales.f__Staphylococcaceae.g__Staphylococcus	Genotype	MUT	0.138283997738212	0.252710402430294	36	7	0.588035278312372	0.872689541501656
k__Bacteria.p__Firmicutes.c__Clostridia.o__Clostridia.UCG.014.f__.g__	Genotype	HET	0.660629425186445	0.671876089071768	36	34	0.332855335431988	0.872689541501656
k__Bacteria.p__Firmicutes.c__Clostridia.o__Clostridia.vadinBB60.group.f__.g__	Sex	M	-0.378368154207199	0.469401314092231	36	36	0.426155067810554	0.872689541501656
k__Bacteria.p__Firmicutes.c__Clostridia.o__Clostridia.vadinBB60.group.f__.g__	Genotype	HET	-0.626491393252688	0.574896852058932	36	36	0.28396375785853	0.872689541501656
k__Bacteria.p__Firmicutes.c__Clostridia.o__Clostridiales.f__Clostridiaceae.g__Candidatus.Arthromitus	Sex	M	0.350753882038725	0.449336396738848	36	9	0.440771840395491	0.872689541501656
k__Bacteria.p__Firmicutes.c__Clostridia.o__Clostridiales.f__Clostridiaceae.g__Candidatus.Arthromitus	Genotype	HET	0.530674267258201	0.55032244743548	36	9	0.342128240927372	0.872689541501656
k__Bacteria.p__Firmicutes.c__Clostridia.o__Clostridiales.f__Clostridiaceae.g__Candidatus.Arthromitus	Genotype	MUT	-0.50062473900351	0.55032244743548	36	9	0.369785489374325	0.872689541501656
k__Bacteria.p__Firmicutes.c__Clostridia.o__Clostridiales.f__Clostridiaceae.g__Clostridium.sensu.stricto.1	Genotype	HET	-0.625178465109619	0.998173031835877	36	22	0.535545909721873	0.872689541501656
k__Bacteria.p__Firmicutes.c__Clostridia.o__Lachnospirales.f__Lachnospiraceae.g__	Sex	M	-0.321304002340854	0.351094905877915	36	36	0.366958611195443	0.872689541501656
k__Bacteria.p__Firmicutes.c__Clostridia.o__Lachnospirales.f__Lachnospiraceae.g__	Genotype	HET	-0.23014877174352	0.430001685345689	36	36	0.596192764945663	0.872689541501656
k__Bacteria.p__Firmicutes.c__Clostridia.o__Lachnospirales.f__Lachnospiraceae.g__A2	Sex	M	-0.218788599535003	0.428630109433422	36	35	0.61324874291601	0.872689541501656
k__Bacteria.p__Firmicutes.c__Clostridia.o__Lachnospirales.f__Lachnospiraceae.g__A2	Genotype	HET	-0.462456956357289	0.524962528252599	36	35	0.384922747080365	0.872689541501656
k__Bacteria.p__Firmicutes.c__Clostridia.o__Lachnospirales.f__Lachnospiraceae.g__ASF356	Genotype	HET	1.01392041005969	0.839645420982808	36	19	0.236067174803601	0.872689541501656
k__Bacteria.p__Firmicutes.c__Clostridia.o__Lachnospirales.f__Lachnospiraceae.g__Acetatifactor	Sex	M	0.496032676635913	0.546635261829952	36	18	0.370963123319566	0.872689541501656
k__Bacteria.p__Firmicutes.c__Clostridia.o__Lachnospirales.f__Lachnospiraceae.g__Acetatifactor	Genotype	MUT	0.358008895646171	0.669488733448032	36	18	0.596519417271289	0.872689541501656
k__Bacteria.p__Firmicutes.c__Clostridia.o__Lachnospirales.f__Lachnospiraceae.g__GCA.900066575	Sex	M	0.36008493700448	0.510682577991472	36	34	0.485845847184169	0.872689541501656
k__Bacteria.p__Firmicutes.c__Clostridia.o__Lachnospirales.f__Lachnospiraceae.g__GCA.900066575	Genotype	MUT	-0.682531104387724	0.62545586830409	36	34	0.28330987104834	0.872689541501656
k__Bacteria.p__Firmicutes.c__Clostridia.o__Lachnospirales.f__Lachnospiraceae.g__Lachnoclostridium	Genotype	HET	0.226443288498689	0.350367947438341	36	36	0.522692763620097	0.872689541501656
k__Bacteria.p__Firmicutes.c__Clostridia.o__Lachnospirales.f__Lachnospiraceae.g__Lachnospiraceae.FCS020.group	Sex	M	0.740258063609436	0.600427005494309	36	17	0.226599151737851	0.872689541501656
k__Bacteria.p__Firmicutes.c__Clostridia.o__Lachnospirales.f__Lachnospiraceae.g__Lachnospiraceae.FCS020.group	Genotype	HET	-0.354029389050555	0.735369895624164	36	17	0.63348665128405	0.872689541501656
k__Bacteria.p__Firmicutes.c__Clostridia.o__Lachnospirales.f__Lachnospiraceae.g__Lachnospiraceae.FCS020.group	Genotype	MUT	0.681446361729036	0.735369895624164	36	17	0.361033820821307	0.872689541501656
k__Bacteria.p__Firmicutes.c__Clostridia.o__Lachnospirales.f__Lachnospiraceae.g__Lachnospiraceae.NK4A136.group	Sex	M	-0.298493478647901	0.451835098487091	36	36	0.513580996389297	0.872689541501656
k__Bacteria.p__Firmicutes.c__Clostridia.o__Lachnospirales.f__Lachnospiraceae.g__Lachnospiraceae.NK4A136.group	Genotype	HET	-0.502812743018748	0.553382719586779	36	36	0.370345188832228	0.872689541501656
k__Bacteria.p__Firmicutes.c__Clostridia.o__Lachnospirales.f__Lachnospiraceae.g__Lachnospiraceae.NK4A136.group	Genotype	MUT	0.334493648808787	0.553382719586779	36	36	0.549804843140608	0.872689541501656
k__Bacteria.p__Firmicutes.c__Clostridia.o__Lachnospirales.f__Lachnospiraceae.g__Lachnospiraceae.UCG.002	Genotype	MUT	-0.117769993942092	0.238046196298431	36	6	0.624166384448083	0.872689541501656
k__Bacteria.p__Firmicutes.c__Clostridia.o__Lachnospirales.f__Lachnospiraceae.g__Lachnospiraceae.UCG.004	Genotype	MUT	-0.260236393256625	0.394858671956124	36	12	0.514570871809798	0.872689541501656
k__Bacteria.p__Firmicutes.c__Clostridia.o__Lachnospirales.f__Lachnospiraceae.g__Lachnospiraceae.UCG.006	Genotype	MUT	0.711176553718746	0.626131184595299	36	34	0.264464538293647	0.872689541501656
k__Bacteria.p__Firmicutes.c__Clostridia.o__Lachnospirales.f__Lachnospiraceae.g__Marvinbryantia	Sex	M	0.951844371228327	0.805382045764626	36	28	0.245971887590892	0.872689541501656
k__Bacteria.p__Firmicutes.c__Clostridia.o__Lachnospirales.f__Lachnospiraceae.g__Marvinbryantia	Genotype	MUT	0.54519822625138	0.986387530061092	36	28	0.584294407140949	0.872689541501656
k__Bacteria.p__Firmicutes.c__Clostridia.o__Lachnospirales.f__Lachnospiraceae.g__Roseburia	Genotype	MUT	-0.724049272500878	0.926943481983327	36	29	0.440475790421939	0.872689541501656
k__Bacteria.p__Firmicutes.c__Clostridia.o__Lachnospirales.f__Lachnospiraceae.g__Tuzzerella	Sex	M	-0.431947124782193	0.361536737796959	36	10	0.240963924165102	0.872689541501656
k__Bacteria.p__Firmicutes.c__Clostridia.o__Lachnospirales.f__Lachnospiraceae.g__.Eubacterium..ventriosum.group	Genotype	HET	0.482261542752151	0.999994444837401	36	14	0.632900728200533	0.872689541501656
k__Bacteria.p__Firmicutes.c__Clostridia.o__Lachnospirales.f__Lachnospiraceae.g__.Eubacterium..ventriosum.group	Genotype	MUT	0.795393978362129	0.999994444837401	36	14	0.432242429262843	0.872689541501656
k__Bacteria.p__Firmicutes.c__Clostridia.o__Lachnospirales.f__Lachnospiraceae.g__.Eubacterium..xylanophilum.group	Sex	M	-0.877628139626329	0.66768547021176	36	32	0.198044227797282	0.872689541501656
k__Bacteria.p__Firmicutes.c__Clostridia.o__Lachnospirales.f__Lachnospiraceae.g__.Eubacterium..xylanophilum.group	Genotype	HET	-0.392580451170819	0.817744355344534	36	32	0.634437940171201	0.872689541501656
k__Bacteria.p__Firmicutes.c__Clostridia.o__Monoglobales.f__Monoglobaceae.g__Monoglobus	Sex	M	-0.504993559190463	0.48723246483628	36	20	0.307759947912568	0.872689541501656
k__Bacteria.p__Firmicutes.c__Clostridia.o__Monoglobales.f__Monoglobaceae.g__Monoglobus	Genotype	HET	0.288170677277669	0.596735462483716	36	20	0.632445773995225	0.872689541501656
k__Bacteria.p__Firmicutes.c__Clostridia.o__Monoglobales.f__Monoglobaceae.g__Monoglobus	Genotype	MUT	-0.525486227056969	0.596735462483717	36	20	0.385099577219875	0.872689541501656
k__Bacteria.p__Firmicutes.c__Clostridia.o__Oscillospirales.f__Butyricicoccaceae.g__Butyricicoccus	Genotype	HET	-0.356525651801016	0.737362573125574	36	28	0.632022515146538	0.872689541501656
k__Bacteria.p__Firmicutes.c__Clostridia.o__Oscillospirales.f__Butyricicoccaceae.g__Butyricicoccus	Genotype	MUT	0.702557873653497	0.737362573125574	36	28	0.347834315469766	0.872689541501656
k__Bacteria.p__Firmicutes.c__Clostridia.o__Oscillospirales.f__Oscillospiraceae.g__	Genotype	MUT	0.662981687796507	0.608737915186448	36	32	0.284240341682592	0.872689541501656
k__Bacteria.p__Firmicutes.c__Clostridia.o__Oscillospirales.f__Oscillospiraceae.g__Colidextribacter	Genotype	HET	-0.255585077458746	0.557788965058511	36	32	0.64989744389661	0.872689541501656
k__Bacteria.p__Firmicutes.c__Clostridia.o__Oscillospirales.f__Oscillospiraceae.g__NK4A214.group	Sex	M	0.433547830115721	0.366588737235543	36	20	0.24565905285495	0.872689541501656
k__Bacteria.p__Firmicutes.c__Clostridia.o__Oscillospirales.f__Oscillospiraceae.g__NK4A214.group	Genotype	MUT	-0.242194583691793	0.44897767583915	36	20	0.593320217776198	0.872689541501656
k__Bacteria.p__Firmicutes.c__Clostridia.o__Oscillospirales.f__Oscillospiraceae.g__Oscillibacter	Genotype	HET	-0.542767331326612	0.607841703911111	36	34	0.378554606192984	0.872689541501656
k__Bacteria.p__Firmicutes.c__Clostridia.o__Oscillospirales.f__Oscillospiraceae.g__Oscillibacter	Genotype	MUT	-0.310856757937768	0.607841703911111	36	34	0.612574480348389	0.872689541501656
k__Bacteria.p__Firmicutes.c__Clostridia.o__Oscillospirales.f__Ruminococcaceae.g__	Sex	M	-0.625748419940311	0.506890237303285	36	27	0.226011069042876	0.872689541501656
k__Bacteria.p__Firmicutes.c__Clostridia.o__Oscillospirales.f__Ruminococcaceae.g__	Genotype	HET	0.440027912815054	0.620811218495663	36	27	0.483583786788567	0.872689541501656
k__Bacteria.p__Firmicutes.c__Clostridia.o__Oscillospirales.f__Ruminococcaceae.g__	Genotype	MUT	0.443060848589225	0.620811218495663	36	27	0.480598001490393	0.872689541501656
k__Bacteria.p__Firmicutes.c__Clostridia.o__Oscillospirales.f__Ruminococcaceae.g__Incertae.Sedis	Sex	M	0.329162734680889	0.583393748406567	36	26	0.576537670556684	0.872689541501656
k__Bacteria.p__Firmicutes.c__Clostridia.o__Oscillospirales.f__Ruminococcaceae.g__Ruminococcus	Sex	M	-0.330514244365916	0.690888794929453	36	17	0.635625061861116	0.872689541501656
k__Bacteria.p__Firmicutes.c__Clostridia.o__Oscillospirales.f__Ruminococcaceae.g__Ruminococcus	Genotype	HET	-0.46611722577489	0.846162508291763	36	17	0.585555247743527	0.872689541501656
k__Bacteria.p__Firmicutes.c__Clostridia.o__Oscillospirales.f__UCG.010.g__	Sex	M	0.428711302624698	0.492582697680744	36	21	0.390600346168243	0.872689541501656
k__Bacteria.p__Firmicutes.c__Clostridia.o__Oscillospirales.f__UCG.010.g__	Genotype	MUT	0.658186052777202	0.603288132720725	36	21	0.283420782653256	0.872689541501656
k__Bacteria.p__Firmicutes.c__Clostridia.o__Oscillospirales.f__.Eubacterium..coprostanoligenes.group.g__	Genotype	HET	-0.847337846835989	0.786448190107715	36	31	0.289346588065574	0.872689541501656
k__Bacteria.p__Firmicutes.c__Clostridia.o__Peptostreptococcales.Tissierellales.f__Anaerovoracaceae.g__Family.XIII.UCG.001	Sex	M	-0.178128154385221	0.323088070987756	36	10	0.585236959948854	0.872689541501656
k__Bacteria.p__Firmicutes.c__Clostridia.o__Peptostreptococcales.Tissierellales.f__Anaerovoracaceae.g__Family.XIII.UCG.001	Genotype	HET	-0.404826322887444	0.395700457950056	36	10	0.313950569998565	0.872689541501656
k__Bacteria.p__Firmicutes.c__Clostridia.o__Peptostreptococcales.Tissierellales.f__Anaerovoracaceae.g__Family.XIII.UCG.001	Genotype	MUT	-0.180555555716699	0.395700457950056	36	10	0.651260851866907	0.872689541501656
k__Bacteria.p__Firmicutes.c__Clostridia.o__Peptostreptococcales.Tissierellales.f__Peptostreptococcaceae.g__Romboutsia	Genotype	HET	-0.500914240076168	0.792807212421433	36	10	0.531990437384243	0.872689541501656
k__Bacteria.p__Firmicutes.c__Clostridia.o__Peptostreptococcales.Tissierellales.f__Peptostreptococcaceae.g__Romboutsia	Genotype	MUT	-0.477963342714044	0.792807212421433	36	10	0.55084122753111	0.872689541501656
k__Bacteria.p__Proteobacteria.c__Alphaproteobacteria.o__Rhodospirillales.f__.g__	Genotype	MUT	0.565414880464	0.811033407878838	36	21	0.490740875702685	0.872689541501656
k__Bacteria.p__Proteobacteria.c__Alphaproteobacteria.o__Rickettsiales.f__Mitochondria.g__	Sex	M	-0.670359998052573	0.658299358114972	36	7	0.31616314831963	0.872689541501656
k__Bacteria.p__Proteobacteria.c__Gammaproteobacteria.o__Burkholderiales.f__Sutterellaceae.g__Parasutterella	Genotype	MUT	0.367282829827907	0.651714918068997	36	35	0.576979438163433	0.872689541501656
k__Bacteria.p__Proteobacteria.c__Gammaproteobacteria.o__Enterobacterales.f__Enterobacteriaceae.g__Escherichia.Shigella	Genotype	HET	-0.128642873039857	0.267441353793534	36	6	0.633779721986195	0.872689541501656
k__Bacteria.p__Verrucomicrobiota.c__Verrucomicrobiae.o__Verrucomicrobiales.f__Akkermansiaceae.g__Akkermansia	Sex	M	0.492972353577046	1.04640234431551	36	32	0.640756981429447	0.872689541501656
k__Bacteria.p__Verrucomicrobiota.c__Verrucomicrobiae.o__Verrucomicrobiales.f__Akkermansiaceae.g__Akkermansia	Genotype	HET	-0.649410185285944	1.28157590461256	36	32	0.61581982665118	0.872689541501656
k__Bacteria.p__Verrucomicrobiota.c__Verrucomicrobiae.o__Verrucomicrobiales.f__Akkermansiaceae.g__Akkermansia	Genotype	MUT	-1.19234409193915	1.28157590461256	36	32	0.359143859401768	0.872689541501656
k__Bacteria.p__Firmicutes.c__Clostridia.o__Lachnospirales.f__Lachnospiraceae.g__ASF356	Sex	M	-0.299883352656072	0.685567615424084	36	19	0.664742390427046	0.884855764740638
k__Bacteria.p__Firmicutes.c__Clostridia.o__Oscillospirales.f__Oscillospiraceae.g__Intestinimonas	Genotype	HET	0.19644617025825	0.465323466541226	36	35	0.675723107123932	0.893554898236252
k__Bacteria.p__Firmicutes.c__Bacilli.o__Lactobacillales.f__Enterococcaceae.g__Enterococcus	Genotype	MUT	0.190516317851121	0.458439467732467	36	6	0.680494116766495	0.893982467124611
k__Bacteria.p__Firmicutes.c__Clostridia.o__Lachnospirales.f__Lachnospiraceae.g__Lachnospiraceae.UCG.006	Sex	M	0.204185217511789	0.511233971434289	36	34	0.692254093419123	0.903526446605479
k__Bacteria.p__Firmicutes.c__Bacilli.o__Erysipelotrichales.f__Erysipelotrichaceae.g__Faecalibaculum	Sex	M	0.299229679403257	0.768930314442265	36	25	0.69974239945268	0.907407885741863
k__Bacteria.p__Firmicutes.c__Bacilli.o__Staphylococcales.f__Staphylococcaceae.g__Staphylococcus	Genotype	HET	-0.0894037738087547	0.252710402430294	36	7	0.725824486000139	0.923118046688175
k__Bacteria.p__Firmicutes.c__Clostridia.o__Clostridia.UCG.014.f__.g__	Sex	M	0.195398867713908	0.548584529534191	36	34	0.724037985176481	0.923118046688175
k__Bacteria.p__Firmicutes.c__Clostridia.o__Lachnospirales.f__Lachnospiraceae.g__A2	Genotype	MUT	0.182610304004195	0.524962528252599	36	35	0.730227708574228	0.923118046688175
k__Bacteria.p__Firmicutes.c__Clostridia.o__Oscillospirales.f__Oscillospiraceae.g__	Sex	M	-0.175199250261669	0.497032426430807	36	32	0.726781503248043	0.923118046688175
k__Bacteria.p__Firmicutes.c__Bacilli.o__Acholeplasmatales.f__Acholeplasmataceae.g__Anaeroplasma	Sex	M	-0.186049803962278	0.615407551352321	36	27	0.764364743265627	0.9483784777555
k__Bacteria.p__Firmicutes.c__Clostridia.o__Lachnospirales.f__Lachnospiraceae.g__Lachnoclostridium	Genotype	MUT	0.109913993971564	0.350367947438341	36	36	0.755777073268234	0.9483784777555
k__Bacteria.p__Firmicutes.c__Clostridia.o__Lachnospirales.f__Lachnospiraceae.g__Lachnospiraceae.UCG.002	Genotype	HET	-0.0730376809129461	0.238046196298431	36	6	0.760967002453854	0.9483784777555
k__Bacteria.p__Bacteroidota.c__Bacteroidia.o__Bacteroidales.f__Muribaculaceae.g__	Genotype	HET	0.0577833603518852	0.204436060265315	36	36	0.779267275291992	0.954176794944295
k__Bacteria.p__Firmicutes.c__Bacilli.o__Lactobacillales.f__Lactobacillaceae.g__Lactobacillus	Genotype	HET	-0.249992559172688	0.919649414673953	36	21	0.787495363241487	0.954176794944295
k__Bacteria.p__Firmicutes.c__Clostridia.o__Lachnospirales.f__Lachnospiraceae.g__.Eubacterium..xylanophilum.group	Genotype	MUT	0.221721268295145	0.817744355344534	36	32	0.788026606769916	0.954176794944295
k__Bacteria.p__Firmicutes.c__Clostridia.o__Oscillospirales.f__Oscillospiraceae.g__Colidextribacter	Genotype	MUT	0.159997008331323	0.557788965058511	36	32	0.776082857976037	0.954176794944295
k__Bacteria.p__Firmicutes.c__Bacilli.o__Lactobacillales.f__Lactobacillaceae.g__HT002	Genotype	MUT	0.230698247210069	0.873611603147729	36	25	0.793416084795857	0.95494989846687
k__Bacteria.p__Actinobacteriota.c__Coriobacteriia.o__Coriobacteriales.f__Eggerthellaceae.g__Enterorhabdus	Sex	M	0.101471812501376	0.40686295335713	36	34	0.804645004985896	0.962345188378316
k__Bacteria.p__Firmicutes.c__Clostridia.o__Lachnospirales.f__Lachnospiraceae.g__Lachnospiraceae.UCG.002	Sex	M	0.0473368161115663	0.194363905380519	36	6	0.809136004158883	0.962345188378316
k__Bacteria.p__Bacteroidota.c__Bacteroidia.o__Bacteroidales.f__Rikenellaceae.g__Rikenella	Genotype	MUT	0.0855492677761697	0.400632887848553	36	36	0.832264148513107	0.975891891427023
k__Bacteria.p__Firmicutes.c__Clostridia.o__Lachnospirales.f__Lachnospiraceae.g__Lachnoclostridium	Sex	M	-0.0600723140268912	0.28607423115007	36	36	0.83500789484153	0.975891891427023
k__Bacteria.p__Firmicutes.c__Clostridia.o__Peptococcales.f__Peptococcaceae.g__	Genotype	HET	-0.123821116986556	0.589960267877804	36	31	0.835091568783323	0.975891891427023
k__Bacteria.p__Actinobacteriota.c__Coriobacteriia.o__Coriobacteriales.f__Atopobiaceae.g__Coriobacteriaceae.UCG.002	Genotype	MUT	-0.15760454173805	0.805490342304038	36	11	0.846111230743319	0.976511194228382
k__Bacteria.p__Firmicutes.c__Clostridia.o__Lachnospirales.f__Lachnospiraceae.g__Marvinbryantia	Genotype	HET	0.182247884180048	0.986387530061091	36	28	0.854580973971701	0.976511194228382
k__Bacteria.p__Firmicutes.c__Clostridia.o__Oscillospirales.f__Oscillospiraceae.g__Intestinimonas	Sex	M	-0.0699666116131193	0.379935019456348	36	35	0.855054578030822	0.976511194228382
k__Bacteria.p__Proteobacteria.c__Gammaproteobacteria.o__Burkholderiales.f__Sutterellaceae.g__Parasutterella	Sex	M	0.102750698548777	0.532123002342929	36	35	0.848104348544821	0.976511194228382
k__Bacteria.p__Bacteroidota.c__Bacteroidia.o__Bacteroidales.f__Bacteroidaceae.g__Bacteroides	Sex	M	-0.0468023053242003	0.295332090202939	36	36	0.875079601832097	0.988165772526908
k__Bacteria.p__Firmicutes.c__Clostridia.o__Clostridia.vadinBB60.group.f__.g__	Genotype	MUT	0.0811100227230704	0.574896852058932	36	36	0.888686261730208	0.988165772526908
k__Bacteria.p__Firmicutes.c__Clostridia.o__Oscillospirales.f__Oscillospiraceae.g__Intestinimonas	Genotype	MUT	-0.0652298461743265	0.465323466541226	36	35	0.889395064615068	0.988165772526908
k__Bacteria.p__Firmicutes.c__Clostridia.o__Oscillospirales.f__Ruminococcaceae.g__Ruminococcus	Genotype	MUT	-0.118135255212664	0.846162508291763	36	17	0.889840820036669	0.988165772526908
k__Bacteria.p__Proteobacteria.c__Alphaproteobacteria.o__Rickettsiales.f__Mitochondria.g__	Genotype	HET	0.116789899813032	0.806248762691687	36	7	0.885733165446227	0.988165772526908
k__Bacteria.p__Proteobacteria.c__Gammaproteobacteria.o__Burkholderiales.f__Sutterellaceae.g__Parasutterella	Genotype	HET	-0.0860177234005075	0.651714918068997	36	35	0.895821189298022	0.989340983785178
k__Bacteria.p__Firmicutes.c__Clostridia.o__Oscillospirales.f__Butyricicoccaceae.g__Butyricicoccus	Sex	M	0.0655340162216054	0.602054019861102	36	28	0.914000602799303	0.993049303581946
k__Bacteria.p__Firmicutes.c__Clostridia.o__Oscillospirales.f__Oscillospiraceae.g__	Genotype	HET	0.0698403178045155	0.608737915186448	36	32	0.909376253005262	0.993049303581946
k__Bacteria.p__Firmicutes.c__Clostridia.o__Peptococcales.f__Peptococcaceae.g__	Genotype	MUT	0.0681089028101141	0.589960267877804	36	31	0.908812567288613	0.993049303581946
k__Bacteria.p__Actinobacteriota.c__Coriobacteriia.o__Coriobacteriales.f__Eggerthellaceae.g__Enterorhabdus	Genotype	MUT	-0.0105586658201952	0.49830331548338	36	34	0.983226277940313	0.993107949075391
k__Bacteria.p__Bacteroidota.c__Bacteroidia.o__Bacteroidales.f__Marinifilaceae.g__Odoribacter	Sex	M	0.00797318578300042	0.280124642504299	36	36	0.977469657846005	0.993107949075391
k__Bacteria.p__Bacteroidota.c__Bacteroidia.o__Bacteroidales.f__Muribaculaceae.g__Muribaculum	Genotype	HET	0.0378047164550244	0.409328116457762	36	36	0.926989419164892	0.993107949075391
k__Bacteria.p__Firmicutes.c__Bacilli.o__Lactobacillales.f__Lactobacillaceae.g__Lactobacillus	Genotype	MUT	-0.0917390257906422	0.919649414673953	36	21	0.921161689484321	0.993107949075391
k__Bacteria.p__Firmicutes.c__Bacilli.o__Lactobacillales.f__Lactobacillaceae.g__Ligilactobacillus	Genotype	HET	-0.0196800178040364	0.394060236807307	36	36	0.960479318855797	0.993107949075391
k__Bacteria.p__Firmicutes.c__Clostridia.o__Lachnospirales.f__Lachnospiraceae.g__	Genotype	MUT	0.0202361546024151	0.430001685345689	36	36	0.962757379481006	0.993107949075391
k__Bacteria.p__Firmicutes.c__Clostridia.o__Lachnospirales.f__Lachnospiraceae.g__Acetatifactor	Genotype	HET	-0.0483475893292837	0.669488733448032	36	18	0.942879747389963	0.993107949075391
k__Bacteria.p__Firmicutes.c__Clostridia.o__Lachnospirales.f__Lachnospiraceae.g__Lachnospiraceae.UCG.001	Sex	M	-0.0746704722293908	0.91004438841073	36	25	0.935116878617403	0.993107949075391
k__Bacteria.p__Firmicutes.c__Clostridia.o__Lachnospirales.f__Lachnospiraceae.g__Lachnospiraceae.UCG.004	Sex	M	-0.0186046463192643	0.322400755601837	36	12	0.954341194029858	0.993107949075391
k__Bacteria.p__Firmicutes.c__Clostridia.o__Lachnospirales.f__Lachnospiraceae.g__Lachnospiraceae.UCG.004	Genotype	HET	0.0217392270765594	0.394858671956123	36	12	0.956436385870777	0.993107949075391
k__Bacteria.p__Firmicutes.c__Clostridia.o__Lachnospirales.f__Lachnospiraceae.g__Roseburia	Genotype	HET	-0.0232968604013128	0.926943481983327	36	29	0.980104966180435	0.993107949075391
k__Bacteria.p__Firmicutes.c__Clostridia.o__Oscillospirales.f__Oscillospiraceae.g__Oscillibacter	Sex	M	-0.014222972906273	0.496300672988705	36	34	0.977315359237164	0.993107949075391
k__Bacteria.p__Firmicutes.c__Clostridia.o__Oscillospirales.f__Ruminococcaceae.g__Incertae.Sedis	Genotype	MUT	0.0226460146839746	0.714508501362857	36	26	0.974912516843999	0.993107949075391
k__Bacteria.p__Proteobacteria.c__Gammaproteobacteria.o__Enterobacterales.f__Enterobacteriaceae.g__Escherichia.Shigella	Genotype	MUT	0.0200548779768526	0.267441353793534	36	6	0.940691137583974	0.993107949075391
k__Bacteria.p__Firmicutes.c__Clostridia.o__Peptostreptococcales.Tissierellales.f__Peptostreptococcaceae.g__Romboutsia	Sex	M	0.00885494868330507	0.647324378276942	36	10	0.989170764314284	0.994116618135855
k__Bacteria.p__Bacteroidota.c__Bacteroidia.o__Bacteroidales.f__Rikenellaceae.g__Rikenellaceae.RC9.gut.group	Genotype	HET	0.00227222102775324	0.480238114574699	36	36	0.996254239844029	0.996254239844029
