Date of Experiment_Day_1,Date of Experiment_Day_1,Date_Imaged,Date_Imaged_GFAP,MouseID,Cohort,Genotype,Sex,Well_ID,Plate (X of X for the week),"Section (A,B,C,D,E,F)",Category,Slice ,Count,Total Area,Average Size,%Area,Mean,IntDen,Particle_Size,Threshold,Comments
8.7.23_8.9.23_P1_A,8.7.23,8.9.23,8.9.23,663,One,WT,Female,B2,P1,A,Striatum_1,P1_A_8.7.23_Ms_GFAP_Stitch.tif,911,4112,4.514,0.287,255,1150.999,0-Inf,60,
8.7.23_8.9.23_P1_A,8.7.23,8.9.23,8.9.23,663,One,WT,Female,B2,P1,A,Striatum_1,P1_A_8.7.23_Ms_GFAP_Stitch.tif,827,1686,2.039,0.118,255,519.867,1-10,60,
8.7.23_8.9.23_P1_A,8.7.23,8.9.23,8.9.23,663,One,WT,Female,B2,P1,A,Striatum_1,P1_A_8.7.23_Ms_GFAP_Stitch.tif,114,679,5.956,0.047,255,1518.816,3.5-10,60,
8.7.23_8.9.23_P1_A,8.7.23,8.9.23,8.9.23,663,One,WT,Female,B2,P1,A,Striatum_2,P1_A_8.7.23_Ms_GFAP_Stitch.tif,744,3547,4.767,0.28,255,1215.706,0-Inf,60,
8.7.23_8.9.23_P1_A,8.7.23,8.9.23,8.9.23,663,One,WT,Female,B2,P1,A,Striatum_2,P1_A_8.7.23_Ms_GFAP_Stitch.tif,660,1405,2.129,0.111,255,542.841,1-10,60,
8.7.23_8.9.23_P1_A,8.7.23,8.9.23,8.9.23,663,One,WT,Female,B2,P1,A,Striatum_2,P1_A_8.7.23_Ms_GFAP_Stitch.tif,102,628,6.157,0.05,255,1570,3.5-10,60,
8.7.23_9.23.23_P1_F,8.7.23,9.23.23,9.23.23,667,One,MUT,Female,D2,P1,F,Striatum_1,P1_F_87.23_Ms_GFAP_Stitch-1.tif,531,2420,4.557,0.244,255,1162.147,0-Inf,70,
8.7.23_9.23.23_P1_F,8.7.23,9.23.23,9.23.23,667,One,MUT,Female,D2,P1,F,Striatum_1,P1_F_87.23_Ms_GFAP_Stitch-1.tif,473,1065,2.252,0.107,255,574.154,1-10,70,
8.7.23_9.23.23_P1_F,8.7.23,9.23.23,9.23.23,667,One,MUT,Female,D2,P1,F,Striatum_1,P1_F_87.23_Ms_GFAP_Stitch-1.tif,82,496,6.049,0.05,255,1542.439,3.5-10,70,
8.7.23_9.23.23_P1_F,8.7.23,9.23.23,9.23.23,667,One,MUT,Female,D2,P1,F,Striatum_2,P1_F_87.23_Ms_GFAP_Stitch-1.tif,1304,7165,5.495,0.481,255,1401.131,0-Inf,70,
8.7.23_9.23.23_P1_F,8.7.23,9.23.23,9.23.23,667,One,MUT,Female,D2,P1,F,Striatum_2,P1_F_87.23_Ms_GFAP_Stitch-1.tif,1147,2614,2.279,0.175,255,581.142,1-10,70,
8.7.23_9.23.23_P1_F,8.7.23,9.23.23,9.23.23,667,One,MUT,Female,D2,P1,F,Striatum_2,P1_F_87.23_Ms_GFAP_Stitch-1.tif,226,1308,5.788,0.088,255,1475.841,3.5-10,70,
8.14.23_9.10.23_P1_C,8.14.23,9.10.23,9.10.23,43/899,Three,MUT,Male,,P1,C,Striatum_1,P1_C_814.23_Ms_GFAP_Stitch-1.tif,776,5387,6.942,0.688,255,1770.213,0-Inf,65,
8.14.23_9.10.23_P1_C,8.14.23,9.10.23,9.10.23,43/899,Three,MUT,Male,,P1,C,Striatum_1,P1_C_814.23_Ms_GFAP_Stitch-1.tif,672,1400,2.083,0.179,255,531.25,1-10,65,
8.14.23_9.10.23_P1_C,8.14.23,9.10.23,9.10.23,43/899,Three,MUT,Male,,P1,C,Striatum_1,P1_C_814.23_Ms_GFAP_Stitch-1.tif,105,624,5.943,0.08,255,1515.429,3.5-10,65,
8.14.23_9.10.23_P1_C,8.14.23,9.10.23,9.10.23,43/899,Three,MUT,Male,,P1,C,Striatum_2,P1_C_814.23_Ms_GFAP_Stitch-1.tif,852,4038,4.739,0.411,255,1208.556,0-Inf,65,
8.14.23_9.10.23_P1_C,8.14.23,9.10.23,9.10.23,43/899,Three,MUT,Male,,P1,C,Striatum_2,P1_C_814.23_Ms_GFAP_Stitch-1.tif,761,1537,2.02,0.156,255,515.026,1-10,65,
8.14.23_9.10.23_P1_C,8.14.23,9.10.23,9.10.23,43/899,Three,MUT,Male,,P1,C,Striatum_2,P1_C_814.23_Ms_GFAP_Stitch-1.tif,114,672,5.895,0.068,255,1503.158,3.5-10,65,
8.14.23_8.30.23_P1_D,8.14.23,8.30.23,9.25.23,43/899,Three,MUT,Male,,P1,D,Striatum_1,P1_D_814.23_Ms_GFAP_Stitch-1.tif,1189,6121,5.148,0.451,255,1312.746,0-Inf,60,
8.14.23_8.30.23_P1_D,8.14.23,8.30.23,9.25.23,43/899,Three,MUT,Male,,P1,D,Striatum_1,P1_D_814.23_Ms_GFAP_Stitch-1.tif,1050,2312,2.202,0.17,255,561.486,1-10,60,
8.14.23_8.30.23_P1_D,8.14.23,8.30.23,9.25.23,43/899,Three,MUT,Male,,P1,D,Striatum_1,P1_D_814.23_Ms_GFAP_Stitch-1.tif,182,1061,5.83,0.078,255,1486.566,3.5-10,60,
8.14.23_8.30.23_P1_D,8.14.23,8.30.23,9.25.23,43/899,Three,MUT,Male,,P1,D,Striatum_2,P1_D_814.23_Ms_GFAP_Stitch-1.tif,522,2532,4.851,0.225,255,1236.897,0-Inf,60,
8.14.23_8.30.23_P1_D,8.14.23,8.30.23,9.25.23,43/899,Three,MUT,Male,,P1,D,Striatum_2,P1_D_814.23_Ms_GFAP_Stitch-1.tif,459,1088,2.37,0.097,255,604.444,1-10,60,
8.14.23_8.30.23_P1_D,8.14.23,8.30.23,9.25.23,43/899,Three,MUT,Male,,P1,D,Striatum_2,P1_D_814.23_Ms_GFAP_Stitch-1.tif,91,547,6.011,0.049,255,1532.802,3.5-10,60,
8.14.23_8.30.23_P1_E,8.14.23,8.30.23,9.25.23,924,One,WT,Male,,P1,E,Striatum_1,P1_E_814.23_Ms_GFAP_Stitch-1.tif,686,2894,4.219,0.218,255,1075.758,0-Inf,70,
8.14.23_8.30.23_P1_E,8.14.23,8.30.23,9.25.23,924,One,WT,Male,,P1,E,Striatum_1,P1_E_814.23_Ms_GFAP_Stitch-1.tif,618,1507,2.439,0.113,255,621.82,1-10,70,
8.14.23_8.30.23_P1_E,8.14.23,8.30.23,9.25.23,924,One,WT,Male,,P1,E,Striatum_1,P1_E_814.23_Ms_GFAP_Stitch-1.tif,135,805,5.963,0.061,255,1520.556,3.5-10,70,
8.14.23_8.30.23_P1_E,8.14.23,8.30.23,9.25.23,924,One,WT,Male,,P1,E,Striatum_2,P1_E_814.23_Ms_GFAP_Stitch-1.tif,745,3547,4.761,0.217,255,1214.074,0-Inf,70,
8.14.23_8.30.23_P1_E,8.14.23,8.30.23,9.25.23,924,One,WT,Male,,P1,E,Striatum_2,P1_E_814.23_Ms_GFAP_Stitch-1.tif,658,1528,2.322,0.093,255,592.158,1-10,70,
8.14.23_8.30.23_P1_E,8.14.23,8.30.23,9.25.23,924,One,WT,Male,,P1,E,Striatum_2,P1_E_814.23_Ms_GFAP_Stitch-1.tif,125,766,6.128,0.047,255,1562.64,3.5-10,70,
8.14.23_8.30.23_P1_F,8.14.23,8.30.23,8.30.23,924,One,WT,Male,,P1,F,Striatum_1,P1_F_814.23_GFAP_Stitch-1.tif,672,2804,4.173,0.448,255,1064.018,0-Inf,80,
8.14.23_8.30.23_P1_F,8.14.23,8.30.23,8.30.23,924,One,WT,Male,,P1,F,Striatum_1,P1_F_814.23_GFAP_Stitch-1.tif,609,1479,2.429,0.236,255,619.286,1-10,80,
8.14.23_8.30.23_P1_F,8.14.23,8.30.23,8.30.23,924,One,WT,Male,,P1,F,Striatum_1,P1_F_814.23_GFAP_Stitch-1.tif,126,780,6.19,0.125,255,1578.571,3.5-10,80,
8.14.23_8.30.23_P1_F,8.14.23,8.30.23,8.30.23,924,One,WT,Male,,P1,F,Striatum_2,P1_F_814.23_GFAP_Stitch-1.tif,956,5548,5.803,0.922,255,1479.854,0-Inf,80,
8.14.23_8.30.23_P1_F,8.14.23,8.30.23,8.30.23,924,One,WT,Male,,P1,F,Striatum_2,P1_F_814.23_GFAP_Stitch-1.tif,810,2073,2.559,0.344,255,652.611,1-10,80,
8.14.23_8.30.23_P1_F,8.14.23,8.30.23,8.30.23,924,One,WT,Male,,P1,F,Striatum_2,P1_F_814.23_GFAP_Stitch-1.tif,179,1132,6.324,0.188,255,1612.626,3.5-10,80,
8.14.23_9.10.23_P2_A,8.14.23,9.10.23,9.10.23 no AF,719,One,HET,Female,,P2,A,Striatum_1,P2_A_814.23_Ms_GFAP_Stitch.tif,2448,15633,6.386,2.036,255,1628.438,0-Inf,70,
8.14.23_9.10.23_P2_A,8.14.23,9.10.23,9.10.23 no AF,719,One,HET,Female,,P2,A,Striatum_1,P2_A_814.23_Ms_GFAP_Stitch.tif,2076,5460,2.63,0.711,255,670.665,1-10,70,
8.14.23_9.10.23_P2_A,8.14.23,9.10.23,9.10.23 no AF,719,One,HET,Female,,P2,A,Striatum_1,P2_A_814.23_Ms_GFAP_Stitch.tif,507,3053,6.022,0.398,255,1535.533,3.5-10,70,
8.14.23_9.10.23_P2_A,8.14.23,9.10.23,9.10.23 no AF,719,One,HET,Female,,P2,A,Striatum_2,P2_A_814.23_Ms_GFAP_Stitch.tif,967,4414,4.565,0.316,255,1163.981,0-Inf,70,
8.14.23_9.10.23_P2_A,8.14.23,9.10.23,9.10.23 no AF,719,One,HET,Female,,P2,A,Striatum_2,P2_A_814.23_Ms_GFAP_Stitch.tif,883,1937,2.194,0.139,255,559.383,1-10,70,
8.14.23_9.10.23_P2_A,8.14.23,9.10.23,9.10.23 no AF,719,One,HET,Female,,P2,A,Striatum_2,P2_A_814.23_Ms_GFAP_Stitch.tif,164,923,5.628,0.066,255,1435.152,3.5-10,70,
8.14.23_9.10.23_P2_B,8.14.23,9.10.23,9.10.23 no AF,719,One,HET,Female,,P2,B,Striatum_1,P2_B_814.23_Ms_GFAP_Stitch-1.tif,1572,6209,3.95,0.431,255,1007.185,0-Inf,70,
8.14.23_9.10.23_P2_B,8.14.23,9.10.23,9.10.23 no AF,719,One,HET,Female,,P2,B,Striatum_1,P2_B_814.23_Ms_GFAP_Stitch-1.tif,1446,3301,2.283,0.229,255,582.127,1-10,70,
8.14.23_9.10.23_P2_B,8.14.23,9.10.23,9.10.23 no AF,719,One,HET,Female,,P2,B,Striatum_1,P2_B_814.23_Ms_GFAP_Stitch-1.tif,259,1497,5.78,0.104,255,1473.88,3.5-10,70,
8.14.23_9.10.23_P2_B,8.14.23,9.10.23,9.10.23 no AF,719,One,HET,Female,,P2,B,Striatum_2,P2_B_814.23_Ms_GFAP_Stitch-1.tif,574,3872,6.746,0.325,255,1720.139,0-Inf,70,
8.14.23_9.10.23_P2_B,8.14.23,9.10.23,9.10.23 no AF,719,One,HET,Female,,P2,B,Striatum_2,P2_B_814.23_Ms_GFAP_Stitch-1.tif,482,1140,2.365,0.096,255,603.112,1-10,70,
8.14.23_9.10.23_P2_B,8.14.23,9.10.23,9.10.23 no AF,719,One,HET,Female,,P2,B,Striatum_2,P2_B_814.23_Ms_GFAP_Stitch-1.tif,100,581,5.81,0.049,255,1481.55,3.5-10,70,
8.14.23_9.10.23_P2_C,8.14.23,9.10.23,9.10.23 no AF,43/899,Three,MUT,Male,,P2,C,Striatum_1,P2_C_814.23_Ms_GFAP_Stitch-1.tif,1057,4915,4.65,0.784,255,1185.738,0-Inf,60,
8.14.23_9.10.23_P2_C,8.14.23,9.10.23,9.10.23 no AF,43/899,Three,MUT,Male,,P2,C,Striatum_1,P2_C_814.23_Ms_GFAP_Stitch-1.tif,951,2196,2.309,0.35,255,588.833,1-10,60,
8.14.23_9.10.23_P2_C,8.14.23,9.10.23,9.10.23 no AF,43/899,Three,MUT,Male,,P2,C,Striatum_1,P2_C_814.23_Ms_GFAP_Stitch-1.tif,183,1099,6.005,0.175,255,1531.393,3.5-10,60,
8.14.23_9.10.23_P2_C,8.14.23,9.10.23,9.10.23 no AF,43/899,Three,MUT,Male,,P2,C,Striatum_2,P2_C_814.23_Ms_GFAP_Stitch-1.tif,1641,10226,6.232,1.542,255,1589.049,0-Inf,60,
8.14.23_9.10.23_P2_C,8.14.23,9.10.23,9.10.23 no AF,43/899,Three,MUT,Male,,P2,C,Striatum_2,P2_C_814.23_Ms_GFAP_Stitch-1.tif,1408,3287,2.335,0.496,255,595.302,1-10,60,
8.14.23_9.10.23_P2_C,8.14.23,9.10.23,9.10.23 no AF,43/899,Three,MUT,Male,,P2,C,Striatum_2,P2_C_814.23_Ms_GFAP_Stitch-1.tif,263,1626,6.183,0.245,255,1576.54,3.5-10,60,
8.14.23_9.10.23_P2_E,8.14.23,9.10.23,9.10.23 no AF,924,One,WT,Male,,P2,E,Striatum_1,P2_E_814.23_Ms_GFAP_Stitch-1.tif,676,2915,4.312,0.204,255,1099.593,0-Inf,75,section folded
8.14.23_9.10.23_P2_E,8.14.23,9.10.23,9.10.23 no AF,924,One,WT,Male,,P2,E,Striatum_1,P2_E_814.23_Ms_GFAP_Stitch-1.tif,598,1299,2.172,0.091,255,553.921,1-10,75,section folded
8.14.23_9.10.23_P2_E,8.14.23,9.10.23,9.10.23 no AF,924,One,WT,Male,,P2,E,Striatum_1,P2_E_814.23_Ms_GFAP_Stitch-1.tif,102,586,5.745,0.041,255,1465,3.5-10,75,section folded
8.14.23_9.10.23_P2_E,8.14.23,9.10.23,9.10.23 no AF,924,One,WT,Male,,P2,E,Striatum_2,P2_E_814.23_Ms_GFAP_Stitch-1.tif,231,848,3.671,0.053,255,936.104,0-Inf,75,section folded
8.14.23_9.10.23_P2_E,8.14.23,9.10.23,9.10.23 no AF,924,One,WT,Male,,P2,E,Striatum_2,P2_E_814.23_Ms_GFAP_Stitch-1.tif,211,480,2.275,0.03,255,580.095,1-10,75,section folded
8.14.23_9.10.23_P2_E,8.14.23,9.10.23,9.10.23 no AF,924,One,WT,Male,,P2,E,Striatum_2,P2_E_814.23_Ms_GFAP_Stitch-1.tif,37,225,6.081,0.014,255,1550.676,3.5-10,75,section folded
8.14.23_9.10.23_P2_F,8.14.23,9.10.23,9.10.23 with AF,924,One,WT,Male,,P2,F,Striatum_1,P2_F_814.23_Ms_GFAP_Stitch-1.tif,827,2968,3.589,0.196,255,915.163,0-Inf,70,
8.14.23_9.10.23_P2_F,8.14.23,9.10.23,9.10.23 with AF,924,One,WT,Male,,P2,F,Striatum_1,P2_F_814.23_Ms_GFAP_Stitch-1.tif,763,1758,2.304,0.116,255,587.536,1-10,70,
8.14.23_9.10.23_P2_F,8.14.23,9.10.23,9.10.23 with AF,924,One,WT,Male,,P2,F,Striatum_1,P2_F_814.23_Ms_GFAP_Stitch-1.tif,154,882,5.727,0.058,255,1460.455,3.5-10,70,
8.14.23_9.10.23_P2_F,8.14.23,9.10.23,9.10.23 with AF,924,One,WT,Male,,P2,F,Striatum_2,P2_F_814.23_Ms_GFAP_Stitch-1.tif,1362,4754,3.49,0.312,255,890.066,0-Inf,70,
8.14.23_9.10.23_P2_F,8.14.23,9.10.23,9.10.23 with AF,924,One,WT,Male,,P2,F,Striatum_2,P2_F_814.23_Ms_GFAP_Stitch-1.tif,1261,2982,2.365,0.196,255,603.021,1-10,70,
8.14.23_9.10.23_P2_F,8.14.23,9.10.23,9.10.23 with AF,924,One,WT,Male,,P2,F,Striatum_2,P2_F_814.23_Ms_GFAP_Stitch-1.tif,265,1552,5.857,0.102,255,1493.434,3.5-10,70,
8.31.23_9.25.23_P1_C,8.31.23,9.25.23,9.25.23,604,One,HET,Female,,P1,C,Striatum_1,P1_C_83123_Ms_GFAP_Stitch-1.tif,1557,8928,5.734,0.577,255,1462.197,0-Inf,90,
8.31.23_9.25.23_P1_C,8.31.23,9.25.23,9.25.23,604,One,HET,Female,,P1,C,Striatum_1,P1_C_83123_Ms_GFAP_Stitch-1.tif,1349,3163,2.345,0.205,255,597.898,1-10,90,
8.31.23_9.25.23_P1_C,8.31.23,9.25.23,9.25.23,604,One,HET,Female,,P1,C,Striatum_1,P1_C_83123_Ms_GFAP_Stitch-1.tif,249,1559,6.261,0.101,255,1596.566,3.5-10,90,
8.31.23_9.25.23_P1_C,8.31.23,9.25.23,9.25.23,604,One,HET,Female,,P1,C,Striatum_2,P1_C_83123_Ms_GFAP_Stitch-1.tif,1879,9960,5.301,0.705,255,1351.676,0-Inf,90,
8.31.23_9.25.23_P1_C,8.31.23,9.25.23,9.25.23,604,One,HET,Female,,P1,C,Striatum_2,P1_C_83123_Ms_GFAP_Stitch-1.tif,1666,3816,2.291,0.27,255,584.082,1-10,90,
8.31.23_9.25.23_P1_C,8.31.23,9.25.23,9.25.23,604,One,HET,Female,,P1,C,Striatum_2,P1_C_83123_Ms_GFAP_Stitch-1.tif,323,1938,6,0.137,255,1530,3.5-10,90,
8.31.23_9.25.23_P1_F,8.31.23,9.25.23,9.25.23,882,Two,MUT,Female,,P1,F,Striatum_1,P1_F_831.23_Ms_GFAP_Stitch-1.tif,1274,5652,4.436,0.366,255,1131.287,0-Inf,90,
8.31.23_9.25.23_P1_F,8.31.23,9.25.23,9.25.23,882,Two,MUT,Female,,P1,F,Striatum_1,P1_F_831.23_Ms_GFAP_Stitch-1.tif,1148,2741,2.388,0.178,255,608.846,1-10,90,
8.31.23_9.25.23_P1_F,8.31.23,9.25.23,9.25.23,882,Two,MUT,Female,,P1,F,Striatum_1,P1_F_831.23_Ms_GFAP_Stitch-1.tif,225,1395,6.2,0.09,255,1581,3.5-10,90,
8.31.23_9.25.23_P1_F,8.31.23,9.25.23,9.25.23,882,Two,MUT,Female,,P1,F,Striatum_2,P1_F_831.23_Ms_GFAP_Stitch-1.tif,1005,4417,4.395,0.296,255,1120.731,0-Inf,90,
8.31.23_9.25.23_P1_F,8.31.23,9.25.23,9.25.23,882,Two,MUT,Female,,P1,F,Striatum_2,P1_F_831.23_Ms_GFAP_Stitch-1.tif,908,2118,2.333,0.142,255,594.813,1-10,90,
8.31.23_9.25.23_P1_F,8.31.23,9.25.23,9.25.23,882,Two,MUT,Female,,P1,F,Striatum_2,P1_F_831.23_Ms_GFAP_Stitch-1.tif,188,1086,5.777,0.073,255,1473.032,3.5-10,90,
8.31.23_9.25.23_P2_B,8.31.23,9.25.23,9.25.23,35,Three,WT,Female,,P2,B,Striatum_1,P2_B_831.23_Ms_GFAP_Stitch-1.tif,689,3688,5.353,0.264,255,1364.935,0-Inf,80,
8.31.23_9.25.23_P2_B,8.31.23,9.25.23,9.25.23,35,Three,WT,Female,,P2,B,Striatum_1,P2_B_831.23_Ms_GFAP_Stitch-1.tif,606,1503,2.48,0.108,255,632.45,1-10,80,
8.31.23_9.25.23_P2_B,8.31.23,9.25.23,9.25.23,35,Three,WT,Female,,P2,B,Striatum_1,P2_B_831.23_Ms_GFAP_Stitch-1.tif,131,824,6.29,0.059,255,1603.969,3.5-10,80,
8.31.23_9.25.23_P2_B,8.31.23,9.25.23,9.25.23,35,Three,WT,Female,,P2,B,Striatum_2,P2_B_831.23_Ms_GFAP_Stitch-1.tif,670,2993,4.467,0.224,255,1139.127,0-Inf,80,slightly folded
8.31.23_9.25.23_P2_B,8.31.23,9.25.23,9.25.23,35,Three,WT,Female,,P2,B,Striatum_2,P2_B_831.23_Ms_GFAP_Stitch-1.tif,598,1366,2.284,0.102,255,582.492,1-10,80,slightly folded
8.31.23_9.25.23_P2_B,8.31.23,9.25.23,9.25.23,35,Three,WT,Female,,P2,B,Striatum_2,P2_B_831.23_Ms_GFAP_Stitch-1.tif,100,613,6.13,0.046,255,1563.15,3.5-10,80,slightly folded
8.31.23_9.25.23_P2_C,8.31.23,9.25.23,9.25.23,842,Two,HET,Female,,P2,C,Striatum_1,P2_C_831.23_Ms_GFAP_Stitch-1.tif,1038,4183,4.03,0.251,255,1027.616,0-Inf,70,
8.31.23_9.25.23_P2_C,8.31.23,9.25.23,9.25.23,842,Two,HET,Female,,P2,C,Striatum_1,P2_C_831.23_Ms_GFAP_Stitch-1.tif,942,2091,2.22,0.125,255,566.035,1-10,70,
8.31.23_9.25.23_P2_C,8.31.23,9.25.23,9.25.23,842,Two,HET,Female,,P2,C,Striatum_1,P2_C_831.23_Ms_GFAP_Stitch-1.tif,161,970,6.025,0.058,255,1536.335,3.5-10,70,
8.31.23_9.25.23_P2_C,8.31.23,9.25.23,9.25.23,842,Two,HET,Female,,P2,C,Striatum_2,P2_C_831.23_Ms_GFAP_Stitch-1.tif,1586,6922,4.364,0.48,255,1112.932,0-Inf,70,
8.31.23_9.25.23_P2_C,8.31.23,9.25.23,9.25.23,842,Two,HET,Female,,P2,C,Striatum_2,P2_C_831.23_Ms_GFAP_Stitch-1.tif,1434,3315,2.312,0.23,255,589.487,1-10,70,
8.31.23_9.25.23_P2_C,8.31.23,9.25.23,9.25.23,842,Two,HET,Female,,P2,C,Striatum_2,P2_C_831.23_Ms_GFAP_Stitch-1.tif,281,1615,5.747,0.112,255,1465.569,3.5-10,70,
9.11.23_9.25.23_P3_E,9.11.23,9.25.23,9.25.23,842,Two,HET,Female,,P3,E,Striatum_1,P3_E_911.23_Ms_GFAP_Stitch-1.tif,547,2007,3.669,0.126,255,935.622,0-Inf,60,
9.11.23_9.25.23_P3_E,9.11.23,9.25.23,9.25.23,842,Two,HET,Female,,P3,E,Striatum_1,P3_E_911.23_Ms_GFAP_Stitch-1.tif,510,1121,2.198,0.07,255,560.5,1-10,60,
9.11.23_9.25.23_P3_E,9.11.23,9.25.23,9.25.23,842,Two,HET,Female,,P3,E,Striatum_1,P3_E_911.23_Ms_GFAP_Stitch-1.tif,94,533,5.67,0.033,255,1445.904,3.5-10,60,
9.11.23_9.25.23_P3_E,9.11.23,9.25.23,9.25.23,842,Two,HET,Female,,P3,E,Striatum_2,P3_E_911.23_Ms_GFAP_Stitch-1.tif,294,824,2.803,0.059,255,714.694,0-Inf,60,
9.11.23_9.25.23_P3_E,9.11.23,9.25.23,9.25.23,842,Two,HET,Female,,P3,E,Striatum_2,P3_E_911.23_Ms_GFAP_Stitch-1.tif,281,607,2.16,0.043,255,550.836,1-10,60,
9.11.23_9.25.23_P3_E,9.11.23,9.25.23,9.25.23,842,Two,HET,Female,,P3,E,Striatum_2,P3_E_911.23_Ms_GFAP_Stitch-1.tif,44,270,6.136,0.019,255,1564.773,3.5-10,60,
9.11.23_9.25.23_P3_F,9.11.23,9.25.23,9.25.23,840,Two,MUT,Female,,P3,F,Striatum_1,P3_F_911.23_Ms_GFAP_Stitch-1.tif,547,2307,4.218,0.156,255,1075.475,0-Inf,80,
9.11.23_9.25.23_P3_F,9.11.23,9.25.23,9.25.23,840,Two,MUT,Female,,P3,F,Striatum_1,P3_F_911.23_Ms_GFAP_Stitch-1.tif,494,1087,2.2,0.074,255,561.103,1-10,80,
9.11.23_9.25.23_P3_F,9.11.23,9.25.23,9.25.23,840,Two,MUT,Female,,P3,F,Striatum_1,P3_F_911.23_Ms_GFAP_Stitch-1.tif,83,482,5.807,0.033,255,1480.843,3.5-10,80,
9.11.23_9.25.23_P3_F,9.11.23,9.25.23,9.25.23,840,Two,MUT,Female,,P3,F,Striatum_2,P3_F_911.23_Ms_GFAP_Stitch-1.tif,657,3369,5.128,0.507,255,1307.603,0-Inf,80,slightly folded
9.11.23_9.25.23_P3_F,9.11.23,9.25.23,9.25.23,840,Two,MUT,Female,,P3,F,Striatum_2,P3_F_911.23_Ms_GFAP_Stitch-1.tif,582,1419,2.438,0.214,255,621.727,1-10,80,slightly folded
9.11.23_9.25.23_P3_F,9.11.23,9.25.23,9.25.23,840,Two,MUT,Female,,P3,F,Striatum_2,P3_F_911.23_Ms_GFAP_Stitch-1.tif,121,721,5.959,0.109,255,1519.463,3.5-10,80,slightly folded
9.11.23_9.13.23_P3_D,9.11.23,9.13.23,9.13.23,35,Three,WT,Female,,P3,D,Striatum_1,P3_D_911.23_Ms_GFAP_Stitch-1.tif,1194,7237,6.061,0.429,255,1545.59,0-Inf,70,
9.11.23_9.13.23_P3_D,9.11.23,9.13.23,9.13.23,35,Three,WT,Female,,P3,D,Striatum_1,P3_D_911.23_Ms_GFAP_Stitch-1.tif,1018,2370,2.328,0.141,255,593.664,1-10,70,
9.11.23_9.13.23_P3_D,9.11.23,9.13.23,9.13.23,35,Three,WT,Female,,P3,D,Striatum_1,P3_D_911.23_Ms_GFAP_Stitch-1.tif,195,1180,6.051,0.07,255,1543.077,3.5-10,70,
9.11.23_9.13.23_P3_D,9.11.23,9.13.23,9.13.23,35,Three,WT,Female,,P3,D,Striatum_2,NA,NA,NA,NA,NA,NA,NA,0-Inf,70,NA
9.11.23_9.13.23_P3_D,9.11.23,9.13.23,9.13.23,35,Three,WT,Female,,P3,D,Striatum_2,NA,NA,NA,NA,NA,NA,NA,1-10,70,NA
9.11.23_9.13.23_P3_D,9.11.23,9.13.23,9.13.23,35,Three,WT,Female,,P3,D,Striatum_2,NA,NA,NA,NA,NA,NA,NA,3.5-10,70,NA
10.26.23_11.5.23_P1_B,10.26.23,11.5.23,11.5.23,892,,Tg_Neg,,,P1,B,Striatum_1,P1_B_1026.23_Ms_GFAP_Stitch-1.tif,60,123,2.05,0.009,255,522.75,0-Inf,75,
10.26.23_11.5.23_P1_B,10.26.23,11.5.23,11.5.23,892,,Tg_Neg,,,P1,B,Striatum_1,P1_B_1026.23_Ms_GFAP_Stitch-1.tif,60,123,2.05,0.009,255,522.75,1-10,75,
10.26.23_11.5.23_P1_B,10.26.23,11.5.23,11.5.23,892,,Tg_Neg,,,P1,B,Striatum_1,P1_B_1026.23_Ms_GFAP_Stitch-1.tif,7,48,6.857,0.004,255,1748.571,3.5-10,75,
10.26.23_11.5.23_P1_B,10.26.23,11.5.23,11.5.23,892,,Tg_Neg,,,P1,B,Striatum_2,P1_B_1026.23_Ms_GFAP_Stitch-1.tif,66,175,2.652,0.012,255,676.136,0-Inf,75,
10.26.23_11.5.23_P1_B,10.26.23,11.5.23,11.5.23,892,,Tg_Neg,,,P1,B,Striatum_2,P1_B_1026.23_Ms_GFAP_Stitch-1.tif,64,147,2.297,0.01,255,585.703,1-10,75,
10.26.23_11.5.23_P1_B,10.26.23,11.5.23,11.5.23,892,,Tg_Neg,,,P1,B,Striatum_2,P1_B_1026.23_Ms_GFAP_Stitch-1.tif,12,70,5.833,0.005,255,1487.5,3.5-10,75,
10.26.23_11.5.23_P1_C,10.26.23,11.5.23,11.5.23,847,Two,WT,,,P1,C,Striatum_1,P1_C_1026.23_Ms_GFAP_Stitch-1.tif,226,1090,4.823,0.088,255,1229.867,0-Inf,70,
10.26.23_11.5.23_P1_C,10.26.23,11.5.23,11.5.23,847,Two,WT,,,P1,C,Striatum_1,P1_C_1026.23_Ms_GFAP_Stitch-1.tif,199,444,2.231,0.036,255,568.945,1-10,70,
10.26.23_11.5.23_P1_C,10.26.23,11.5.23,11.5.23,847,Two,WT,,,P1,C,Striatum_1,P1_C_1026.23_Ms_GFAP_Stitch-1.tif,38,221,5.816,0.018,255,1483.026,3.5-10,70,
10.26.23_11.5.23_P1_C,10.26.23,11.5.23,11.5.23,847,Two,WT,,,P1,C,Striatum_2,P1_C_1026.23_Ms_GFAP_Stitch-1.tif,140,293,2.093,0.028,255,533.679,0-Inf,70,
10.26.23_11.5.23_P1_C,10.26.23,11.5.23,11.5.23,847,Two,WT,,,P1,C,Striatum_2,P1_C_1026.23_Ms_GFAP_Stitch-1.tif,140,293,2.093,0.028,255,533.679,1-10,70,
10.26.23_11.5.23_P1_C,10.26.23,11.5.23,11.5.23,847,Two,WT,,,P1,C,Striatum_2,P1_C_1026.23_Ms_GFAP_Stitch-1.tif,21,120,5.714,0.011,255,1457.143,3.5-10,70,
10.26.23_11.5.23_P1_D,10.26.23,11.5.23,11.5.23,847,Two,WT,,,P1,D,Striatum_1,P1_D_1026.23_Ms_GFAP_Stitch.tif,107,338,3.159,0.031,255,805.514,0-Inf,70,
10.26.23_11.5.23_P1_D,10.26.23,11.5.23,11.5.23,847,Two,WT,,,P1,D,Striatum_1,P1_D_1026.23_Ms_GFAP_Stitch.tif,99,181,1.828,0.017,255,466.212,1-10,70,
10.26.23_11.5.23_P1_D,10.26.23,11.5.23,11.5.23,847,Two,WT,,,P1,D,Striatum_1,P1_D_1026.23_Ms_GFAP_Stitch.tif,12,63,5.25,0.006,255,1338.75,3.5-10,70,
10.26.23_11.5.23_P1_D,10.26.23,11.5.23,11.5.23,847,Two,WT,,,P1,D,Striatum_2,NA,NA,NA,NA,NA,NA,NA,0-Inf,70,One hemisphere
10.26.23_11.5.23_P1_D,10.26.23,11.5.23,11.5.23,847,Two,WT,,,P1,D,Striatum_2,NA,NA,NA,NA,NA,NA,NA,1-10,70,One hemisphere
10.26.23_11.5.23_P1_D,10.26.23,11.5.23,11.5.23,847,Two,WT,,,P1,D,Striatum_2,NA,NA,NA,NA,NA,NA,NA,3.5-10,70,One hemisphere
10.26.23_11.5.23_P1_E,10.26.23,11.5.23,11.5.23,44/891,Three,HET,,,P1,E,Striatum_1,P1_E_1026.23_Ms_GFAP_Stitch-1.tif,104,254,2.442,0.019,255,622.788,0-Inf,70,
10.26.23_11.5.23_P1_E,10.26.23,11.5.23,11.5.23,44/891,Three,HET,,,P1,E,Striatum_1,P1_E_1026.23_Ms_GFAP_Stitch-1.tif,102,212,2.078,0.016,255,530,1-10,70,
10.26.23_11.5.23_P1_E,10.26.23,11.5.23,11.5.23,44/891,Three,HET,,,P1,E,Striatum_1,P1_E_1026.23_Ms_GFAP_Stitch-1.tif,19,102,5.368,0.008,255,1368.947,3.5-10,70,
10.26.23_11.5.23_P1_E,10.26.23,11.5.23,11.5.23,44/891,Three,HET,,,P1,E,Striatum_2,P1_E_1026.23_Ms_GFAP_Stitch-1.tif,132,393,2.977,0.03,255,759.205,0-Inf,70,
10.26.23_11.5.23_P1_E,10.26.23,11.5.23,11.5.23,44/891,Three,HET,,,P1,E,Striatum_2,P1_E_1026.23_Ms_GFAP_Stitch-1.tif,125,241,1.928,0.018,255,491.64,1-10,70,
10.26.23_11.5.23_P1_E,10.26.23,11.5.23,11.5.23,44/891,Three,HET,,,P1,E,Striatum_2,P1_E_1026.23_Ms_GFAP_Stitch-1.tif,17,94,5.529,0.007,255,1410,3.5-10,70,
10.26.23_11.5.23_P1_F,10.26.23,11.5.23,11.5.23,853,Two,MUT,,,P1,F,Striatum_1,P1_F_1026.23_Ms_GFAP_Stitch.tif,51,87,1.706,0.008,255,435,0-Inf,80,
10.26.23_11.5.23_P1_F,10.26.23,11.5.23,11.5.23,853,Two,MUT,,,P1,F,Striatum_1,P1_F_1026.23_Ms_GFAP_Stitch.tif,51,87,1.706,0.008,255,435,1-10,80,
10.26.23_11.5.23_P1_F,10.26.23,11.5.23,11.5.23,853,Two,MUT,,,P1,F,Striatum_1,P1_F_1026.23_Ms_GFAP_Stitch.tif,6,33,5.5,0.003,255,1402.5,3.5-10,80,
10.26.23_11.5.23_P1_F,10.26.23,11.5.23,11.5.23,853,Two,MUT,,,P1,F,Striatum_2,P1_F_1026.23_Ms_GFAP_Stitch.tif,59,100,1.695,0.011,255,432.203,0-Inf,80,
10.26.23_11.5.23_P1_F,10.26.23,11.5.23,11.5.23,853,Two,MUT,,,P1,F,Striatum_2,P1_F_1026.23_Ms_GFAP_Stitch.tif,59,100,1.695,0.011,255,432.203,1-10,80,
10.26.23_11.5.23_P1_F,10.26.23,11.5.23,11.5.23,853,Two,MUT,,,P1,F,Striatum_2,P1_F_1026.23_Ms_GFAP_Stitch.tif,6,29,4.833,0.003,255,1232.5,3.5-10,80,
10.26.23_1.8.24_P2_A,10.26.23,1.8.24,1.8.24,847,Two,WT,,,P2,A,Striatum_1,P2_A_10.26.23_Ms_GFAP_Stitch.tif,3420,17422,5.094,1.132,255,1299.009,0-Inf,80,
10.26.23_1.8.24_P2_A,10.26.23,1.8.24,1.8.24,847,Two,WT,,,P2,A,Striatum_1,P2_A_10.26.23_Ms_GFAP_Stitch.tif,2974,7039,2.367,0.457,255,603.546,1-10,80,
10.26.23_1.8.24_P2_A,10.26.23,1.8.24,1.8.24,847,Two,WT,,,P2,A,Striatum_1,P2_A_10.26.23_Ms_GFAP_Stitch.tif,590,3585,6.076,0.233,255,1549.449,3.5-10,80,
10.26.23_1.8.24_P2_A,10.26.23,1.8.24,1.8.24,847,Two,WT,,,P2,A,Striatum_2,P2_A_10.26.23_Ms_GFAP_Stitch.tif,1719,5568,3.239,0.357,255,825.969,0-Inf,80,
10.26.23_1.8.24_P2_A,10.26.23,1.8.24,1.8.24,847,Two,WT,,,P2,A,Striatum_2,P2_A_10.26.23_Ms_GFAP_Stitch.tif,1614,3660,2.268,0.235,255,578.253,1-10,80,
10.26.23_1.8.24_P2_A,10.26.23,1.8.24,1.8.24,847,Two,WT,,,P2,A,Striatum_2,P2_A_10.26.23_Ms_GFAP_Stitch.tif,299,1746,5.839,0.112,255,1489.064,3.5-10,80,
10.26.23_1.8.24_P2_B,10.26.23,1.8.24,1.8.24,44/891,Three,HET,,,P2,B,Striatum_1,P2_B_1026.23_Ms_GFAP_Stitch.tif,503,1871,3.72,0.137,255,948.519,0-Inf,90,
10.26.23_1.8.24_P2_B,10.26.23,1.8.24,1.8.24,44/891,Three,HET,,,P2,B,Striatum_1,P2_B_1026.23_Ms_GFAP_Stitch.tif,469,1041,2.22,0.076,255,566.002,1-10,90,
10.26.23_1.8.24_P2_B,10.26.23,1.8.24,1.8.24,44/891,Three,HET,,,P2,B,Striatum_1,P2_B_1026.23_Ms_GFAP_Stitch.tif,81,485,5.988,0.036,255,1526.852,3.5-10,90,
10.26.23_1.8.24_P2_B,10.26.23,1.8.24,1.8.24,44/891,Three,HET,,,P2,B,Striatum_2,P2_B_1026.23_Ms_GFAP_Stitch.tif,250,1054,4.216,0.086,255,1075.08,0-Inf,90,
10.26.23_1.8.24_P2_B,10.26.23,1.8.24,1.8.24,44/891,Three,HET,,,P2,B,Striatum_2,P2_B_1026.23_Ms_GFAP_Stitch.tif,226,501,2.217,0.041,255,565.288,1-10,90,
10.26.23_1.8.24_P2_B,10.26.23,1.8.24,1.8.24,44/891,Three,HET,,,P2,B,Striatum_2,P2_B_1026.23_Ms_GFAP_Stitch.tif,42,240,5.714,0.02,255,1457.143,3.5-10,90,
10.26.23_1.10.24_P2_C,10.26.23,1.10.24,1.10.24,44/891,Three,HET,,,P2,C,Striatum_1,P2_C_1026.23_Ms_GFAP_Stitch.tif,912,3352,3.675,0.251,255,937.237,0-Inf,100,
10.26.23_1.10.24_P2_C,10.26.23,1.10.24,1.10.24,44/891,Three,HET,,,P2,C,Striatum_1,P2_C_1026.23_Ms_GFAP_Stitch.tif,858,1879,2.19,0.141,255,558.444,1-10,100,
10.26.23_1.10.24_P2_C,10.26.23,1.10.24,1.10.24,44/891,Three,HET,,,P2,C,Striatum_1,P2_C_1026.23_Ms_GFAP_Stitch.tif,137,831,6.066,0.062,255,1546.752,3.5-10,100,
10.26.23_1.10.24_P2_C,10.26.23,1.10.24,1.10.24,44/891,Three,HET,,,P2,C,Striatum_2,P2_C_1026.23_Ms_GFAP_Stitch.tif,738,2332,3.16,0.2,255,805.772,0-Inf,100,
10.26.23_1.10.24_P2_C,10.26.23,1.10.24,1.10.24,44/891,Three,HET,,,P2,C,Striatum_2,P2_C_1026.23_Ms_GFAP_Stitch.tif,699,1631,2.333,0.14,255,595,1-10,100,
10.26.23_1.10.24_P2_C,10.26.23,1.10.24,1.10.24,44/891,Three,HET,,,P2,C,Striatum_2,P2_C_1026.23_Ms_GFAP_Stitch.tif,134,800,5.97,0.069,255,1522.388,3.5-10,100,
10.26.23_1.10.24_P2_D,10.26.23,1.10.24,1.10.24,853,Two,MUT,,,P2,D,Striatum_1,P2_D_1026.23_Ms_GFAP_Stitch-1.tif,440,1601,3.639,0.115,255,927.852,0-Inf,80,
10.26.23_1.10.24_P2_D,10.26.23,1.10.24,1.10.24,853,Two,MUT,,,P2,D,Striatum_1,P2_D_1026.23_Ms_GFAP_Stitch-1.tif,406,870,2.143,0.062,255,546.429,1-10,80,
10.26.23_1.10.24_P2_D,10.26.23,1.10.24,1.10.24,853,Two,MUT,,,P2,D,Striatum_1,P2_D_1026.23_Ms_GFAP_Stitch-1.tif,66,393,5.955,0.028,255,1518.409,3.5-10,80,
10.26.23_1.10.24_P2_D,10.26.23,1.10.24,1.10.24,853,Two,MUT,,,P2,D,Striatum_2,P2_D_1026.23_Ms_GFAP_Stitch-1.tif,412,2454,5.956,0.206,255,1518.859,0-Inf,80,
10.26.23_1.10.24_P2_D,10.26.23,1.10.24,1.10.24,853,Two,MUT,,,P2,D,Striatum_2,P2_D_1026.23_Ms_GFAP_Stitch-1.tif,349,841,2.41,0.071,255,614.484,1-10,80,
10.26.23_1.10.24_P2_D,10.26.23,1.10.24,1.10.24,853,Two,MUT,,,P2,D,Striatum_2,P2_D_1026.23_Ms_GFAP_Stitch-1.tif,69,423,6.13,0.036,255,1563.261,3.5-10,80,
10.26.23_1.12.24_P2_E,10.26.23,1.12.24,1.12.24,853,Two,MUT,,,P2,E,Striatum_1,P2_E_1026.23_Ms_GFAP_Stitch-1.tif,1589,4721,2.971,0.313,255,757.618,0-Inf,90,
10.26.23_1.12.24_P2_E,10.26.23,1.12.24,1.12.24,853,Two,MUT,,,P2,E,Striatum_1,P2_E_1026.23_Ms_GFAP_Stitch-1.tif,1514,3422,2.26,0.227,255,576.361,1-10,90,
10.26.23_1.12.24_P2_E,10.26.23,1.12.24,1.12.24,853,Two,MUT,,,P2,E,Striatum_1,P2_E_1026.23_Ms_GFAP_Stitch-1.tif,275,1599,5.815,0.106,255,1482.709,3.5-10,90,
10.26.23_1.12.24_P2_E,10.26.23,1.12.24,1.12.24,853,Two,MUT,,,P2,E,Striatum_2,P2_E_1026.23_Ms_GFAP_Stitch-1.tif,733,2177,2.97,0.15,255,757.347,0-Inf,90,
10.26.23_1.12.24_P2_E,10.26.23,1.12.24,1.12.24,853,Two,MUT,,,P2,E,Striatum_2,P2_E_1026.23_Ms_GFAP_Stitch-1.tif,699,1613,2.308,0.111,255,588.433,1-10,90,
10.26.23_1.12.24_P2_E,10.26.23,1.12.24,1.12.24,853,Two,MUT,,,P2,E,Striatum_2,P2_E_1026.23_Ms_GFAP_Stitch-1.tif,128,752,5.875,0.052,255,1498.125,3.5-10,90,
10.26.23_1.12.24_P2_F,10.26.23,1.12.24,1.12.24,853,Two,MUT,,,P2,F,Striatum_1,P2_F_1026.23_Ms_GFAP_Stitch.tif,644,2329,3.616,0.147,255,922.197,0-Inf,90,
10.26.23_1.12.24_P2_F,10.26.23,1.12.24,1.12.24,853,Two,MUT,,,P2,F,Striatum_1,P2_F_1026.23_Ms_GFAP_Stitch.tif,608,1344,2.211,0.085,255,563.684,1-10,90,
10.26.23_1.12.24_P2_F,10.26.23,1.12.24,1.12.24,853,Two,MUT,,,P2,F,Striatum_1,P2_F_1026.23_Ms_GFAP_Stitch.tif,112,622,5.554,0.039,255,1416.161,3.5-10,90,
10.26.23_1.12.24_P2_F,10.26.23,1.12.24,1.12.24,853,Two,MUT,,,P2,F,Striatum_2,P2_F_1026.23_Ms_GFAP_Stitch.tif,340,1109,3.262,0.077,255,831.75,0-Inf,90,
10.26.23_1.12.24_P2_F,10.26.23,1.12.24,1.12.24,853,Two,MUT,,,P2,F,Striatum_2,P2_F_1026.23_Ms_GFAP_Stitch.tif,319,720,2.257,0.05,255,575.549,1-10,90,
10.26.23_1.12.24_P2_F,10.26.23,1.12.24,1.12.24,853,Two,MUT,,,P2,F,Striatum_2,P2_F_1026.23_Ms_GFAP_Stitch.tif,52,320,6.154,0.022,255,1569.231,3.5-10,90,
10.26.23_12.10.23_P3_F,10.26.23,12.10.23,1.10.24,717,One,MUT,,,P3,F,Striatum_1,P3_F_1026.23_Ms_GFAP_Stitch.tif,130,315,2.423,0.028,255,617.885,0-Inf,100,
10.26.23_12.10.23_P3_F,10.26.23,12.10.23,1.10.24,717,One,MUT,,,P3,F,Striatum_1,P3_F_1026.23_Ms_GFAP_Stitch.tif,125,237,1.896,0.021,255,483.48,1-10,100,
10.26.23_12.10.23_P3_F,10.26.23,12.10.23,1.10.24,717,One,MUT,,,P3,F,Striatum_1,P3_F_1026.23_Ms_GFAP_Stitch.tif,18,91,5.056,0.008,255,1289.167,3.5-10,100,
10.26.23_12.10.23_P3_F,10.26.23,12.10.23,1.10.24,717,One,MUT,,,P3,F,Striatum_2,P3_F_1026.23_Ms_GFAP_Stitch.tif,211,532,2.521,0.055,255,642.938,0-Inf,100,
10.26.23_12.10.23_P3_F,10.26.23,12.10.23,1.10.24,717,One,MUT,,,P3,F,Striatum_2,P3_F_1026.23_Ms_GFAP_Stitch.tif,207,436,2.106,0.045,255,537.101,1-10,100,
10.26.23_12.10.23_P3_F,10.26.23,12.10.23,1.10.24,717,One,MUT,,,P3,F,Striatum_2,P3_F_1026.23_Ms_GFAP_Stitch.tif,34,196,5.765,0.02,255,1470,3.5-10,100,
10.26.23_1.17.24_P4_A,10.26.23,1.17.24,1.17.24,838,Two,WT,,,P4,A,Striatum_1,P4_A_102623_Ms_GFAP_Stitch.tif,477,1555,3.26,0.108,255,831.289,0-Inf,90,
10.26.23_1.17.24_P4_A,10.26.23,1.17.24,1.17.24,838,Two,WT,,,P4,A,Striatum_1,P4_A_102623_Ms_GFAP_Stitch.tif,448,942,2.103,0.065,255,536.183,1-10,90,
10.26.23_1.17.24_P4_A,10.26.23,1.17.24,1.17.24,838,Two,WT,,,P4,A,Striatum_1,P4_A_102623_Ms_GFAP_Stitch.tif,68,383,5.632,0.027,255,1436.25,3.5-10,90,
10.26.23_1.17.24_P4_A,10.26.23,1.17.24,1.17.24,838,Two,WT,,,P4,A,Striatum_2,NA,NA,NA,NA,NA,NA,NA,0-Inf,90,one hemisphere
10.26.23_1.17.24_P4_A,10.26.23,1.17.24,1.17.24,838,Two,WT,,,P4,A,Striatum_2,NA,NA,NA,NA,NA,NA,NA,1-10,90,one hemisphere
10.26.23_1.17.24_P4_A,10.26.23,1.17.24,1.17.24,838,Two,WT,,,P4,A,Striatum_2,NA,NA,NA,NA,NA,NA,NA,3.5-10,90,one hemisphere
10.26.23_1.17.24 _P4_B,10.26.23,1.17.24 ,1.17.24 ,838,Two,WT,,,P4,B,Striatum_1,P4_B_102623_Ms_GFAP_left_Stitch.tif,700,2658,3.797,0.177,255,968.271,0-Inf,85,
10.26.23_1.17.24 _P4_B,10.26.23,1.17.24 ,1.17.24 ,838,Two,WT,,,P4,B,Striatum_1,P4_B_102623_Ms_GFAP_left_Stitch.tif,641,1449,2.261,0.097,255,576.435,1-10,85,
10.26.23_1.17.24 _P4_B,10.26.23,1.17.24 ,1.17.24 ,838,Two,WT,,,P4,B,Striatum_1,P4_B_102623_Ms_GFAP_left_Stitch.tif,120,676,5.633,0.045,255,1436.5,3.5-10,85,
10.26.23_1.19.24_P4_B,10.26.23,1.19.24,1.19.24,838,Two,WT,,,P4,B,Striatum_2,P4_B_102623_Ms_GFAP_right_Stitch.tif,737,3147,4.27,0.228,255,1088.853,0-Inf,90,
10.26.23_1.19.24_P4_B,10.26.23,1.19.24,1.19.24,838,Two,WT,,,P4,B,Striatum_2,P4_B_102623_Ms_GFAP_right_Stitch.tif,662,1595,2.409,0.115,255,614.388,1-10,90,
10.26.23_1.19.24_P4_B,10.26.23,1.19.24,1.19.24,838,Two,WT,,,P4,B,Striatum_2,P4_B_102623_Ms_GFAP_right_Stitch.tif,143,852,5.958,0.062,255,1519.301,3.5-10,90,
10.26.23_1.19.24_P4_C,10.26.23,1.19.24,1.19.23,582,One,HET,,,P4,C,Striatum_1,P4_C_102623_Ms_GFAP_Stitch.tif,281,702,2.498,0.051,255,637.046,0-Inf,90,
10.26.23_1.19.24_P4_C,10.26.23,1.19.24,1.19.23,582,One,HET,,,P4,C,Striatum_1,P4_C_102623_Ms_GFAP_Stitch.tif,272,546,2.007,0.04,255,511.875,1-10,90,
10.26.23_1.19.24_P4_C,10.26.23,1.19.24,1.19.23,582,One,HET,,,P4,C,Striatum_1,P4_C_102623_Ms_GFAP_Stitch.tif,38,227,5.974,0.017,255,1523.289,3.5-10,90,
10.26.23_1.19.24_P4_C,10.26.23,1.19.24,1.19.23,582,One,HET,,,P4,C,Striatum_2,P4_C_102623_Ms_GFAP_Stitch.tif,1076,4708,4.375,0.343,255,1115.743,0-Inf,90,
10.26.23_1.19.24_P4_C,10.26.23,1.19.24,1.19.23,582,One,HET,,,P4,C,Striatum_2,P4_C_102623_Ms_GFAP_Stitch.tif,1076,4708,4.375,0.343,255,1115.743,1-10,90,
10.26.23_1.19.24_P4_C,10.26.23,1.19.24,1.19.23,582,One,HET,,,P4,C,Striatum_2,P4_C_102623_Ms_GFAP_Stitch.tif,199,1237,6.216,0.09,255,1585.101,3.5-10,90,
10.26.23_1.20.24_P4_D,10.26.23,1.20.24,1.20.24,582,One,HET,,,P4,D,Striatum_1,P4_D_1026.23_Ms_GFAP_Stitch.tif,2873,14354,4.996,1.3,255,1274.024,0-Inf,90,
10.26.23_1.20.24_P4_D,10.26.23,1.20.24,1.20.24,582,One,HET,,,P4,D,Striatum_1,P4_D_1026.23_Ms_GFAP_Stitch.tif,2528,6527,2.582,0.591,255,658.38,1-10,90,
10.26.23_1.20.24_P4_D,10.26.23,1.20.24,1.20.24,582,One,HET,,,P4,D,Striatum_1,P4_D_1026.23_Ms_GFAP_Stitch.tif,598,3645,6.095,0.33,255,1554.306,3.5-10,90,
10.26.23_1.20.24_P4_D,10.26.23,1.20.24,1.20.24,582,One,HET,,,P4,D,Striatum_2,P4_D_1026.23_Ms_GFAP_Stitch.tif,2884,13159,4.563,1.05,255,1163.504,0-Inf,90,
10.26.23_1.20.24_P4_D,10.26.23,1.20.24,1.20.24,582,One,HET,,,P4,D,Striatum_2,P4_D_1026.23_Ms_GFAP_Stitch.tif,2569,6452,2.511,0.515,255,640.428,1-10,90,
10.26.23_1.20.24_P4_D,10.26.23,1.20.24,1.20.24,582,One,HET,,,P4,D,Striatum_2,P4_D_1026.23_Ms_GFAP_Stitch.tif,572,3503,6.124,0.28,255,1561.652,3.5-10,90,
10.26.23_1.20.24_P4_E,10.26.23,1.20.24,1.20.24,717,One,MUT,,,P4,E,Striatum_1,P4_E_1026.23_Ms_GFAP_Stitch.tif,946,3074,3.249,0.209,255,828.615,0-Inf,100,
10.26.23_1.20.24_P4_E,10.26.23,1.20.24,1.20.24,717,One,MUT,,,P4,E,Striatum_1,P4_E_1026.23_Ms_GFAP_Stitch.tif,896,2015,2.249,0.137,255,573.465,1-10,100,
10.26.23_1.20.24_P4_E,10.26.23,1.20.24,1.20.24,717,One,MUT,,,P4,E,Striatum_1,P4_E_1026.23_Ms_GFAP_Stitch.tif,158,903,5.715,0.062,255,1457.373,3.5-10,100,
10.26.23_1.20.24_P4_E,10.26.23,1.20.24,1.20.24,717,One,MUT,,,P4,E,Striatum_2,P4_E_1026.23_Ms_GFAP_Stitch.tif,468,1356,2.897,0.094,255,738.846,0-Inf,100,
10.26.23_1.20.24_P4_E,10.26.23,1.20.24,1.20.24,717,One,MUT,,,P4,E,Striatum_2,P4_E_1026.23_Ms_GFAP_Stitch.tif,448,964,2.152,0.067,255,548.705,1-10,100,
10.26.23_1.20.24_P4_E,10.26.23,1.20.24,1.20.24,717,One,MUT,,,P4,E,Striatum_2,P4_E_1026.23_Ms_GFAP_Stitch.tif,78,438,5.615,0.03,255,1431.923,3.5-10,100,
10.26.23_1.20.24_P4_F,10.26.23,1.20.24,1.20.24,717,One,MUT,,,P4,F,Striatum_1,P4_F_1026.23_Ms_GFAP_left_no_AF_Stitch.tif,1025,3238,3.159,0.199,255,805.551,0-Inf,85,
10.26.23_1.20.24 _P4_F,10.26.23,1.20.24 ,1.20.24,717,One,MUT,,,P4,F,Striatum_1,P4_F_1026.23_Ms_GFAP_left_no_AF_Stitch.tif,971,2027,2.088,0.125,255,532.322,1-10,85,
10.26.23_1.20.24 _P4_F,10.26.23,1.20.24 ,1.20.24,717,One,MUT,,,P4,F,Striatum_1,P4_F_1026.23_Ms_GFAP_left_no_AF_Stitch.tif,147,827,5.626,0.051,255,1434.592,3.5-10,85,
10.26.23_1.20.24 _P4_F,10.26.23,1.20.24 ,1.20.24,717,One,MUT,,,P4,F,Striatum_2,P4_F_1026.23_Ms_GFAP_right_Stitch.tif,397,3214,8.096,0.227,255,2064.408,0-Inf,90,
10.26.23_1.20.24 _P4_F,10.26.23,1.20.24 ,1.20.24,717,One,MUT,,,P4,F,Striatum_2,P4_F_1026.23_Ms_GFAP_right_Stitch.tif,346,751,2.171,0.053,255,553.483,1-10,90,
10.26.23_1.20.24 _P4_F,10.26.23,1.20.24 ,1.20.24,717,One,MUT,,,P4,F,Striatum_2,P4_F_1026.23_Ms_GFAP_right_Stitch.tif,60,361,6.017,0.025,255,1534.25,3.5-10,90,
10.30.23_1.20.24_P1_A,10.30.23,1.20.24,1.20.24,663,One,WT,,,P1,A,Striatum_1,P1_A_1030.23_Ms_GFAP_Stitch.tif,188,371,1.973,0.041,255,503.218,0-Inf,100,
10.30.23_1.20.24_P1_A,10.30.23,1.20.24,1.20.24,663,One,WT,,,P1,A,Striatum_1,P1_A_1030.23_Ms_GFAP_Stitch.tif,184,304,1.652,0.034,255,421.304,1-10,100,
10.30.23_1.20.24_P1_A,10.30.23,1.20.24,1.20.24,663,One,WT,,,P1,A,Striatum_1,P1_A_1030.23_Ms_GFAP_Stitch.tif,16,76,4.75,0.008,255,1211.25,3.5-10,100,
10.30.23_1.20.24_P1_A,10.30.23,1.20.24,1.20.24,663,One,WT,,,P1,A,Striatum_2,P1_A_1030.23_Ms_GFAP_Stitch.tif,154,251,1.63,0.028,255,415.617,0-Inf,100,
10.30.23_1.20.24_P1_A,10.30.23,1.20.24,1.20.24,663,One,WT,,,P1,A,Striatum_2,P1_A_1030.23_Ms_GFAP_Stitch.tif,154,251,1.63,0.028,255,415.617,1-10,100,
10.30.23_1.20.24_P1_A,10.30.23,1.20.24,1.20.24,663,One,WT,,,P1,A,Striatum_2,P1_A_1030.23_Ms_GFAP_Stitch.tif,11,56,5.091,0.006,255,1298.182,3.5-10,100,
10.30.23_1.22.24_P1_B,10.30.23,1.22.24,1.22.24,663,One,WT,,,P1,B,Striatum_1,P4_B_103023_Ms_GFAP_Stitch.tif,134,528,3.94,0.062,255,1004.776,0-Inf,100,section in pieces
10.30.23_1.22.24_P1_B,10.30.23,1.22.24,1.22.24,663,One,WT,,,P1,B,Striatum_1,P4_B_103023_Ms_GFAP_Stitch.tif,123,303,2.463,0.036,255,628.171,1-10,100,section in pieces
10.30.23_1.22.24_P1_B,10.30.23,1.22.24,1.22.24,663,One,WT,,,P1,B,Striatum_1,P4_B_103023_Ms_GFAP_Stitch.tif,28,163,5.821,0.019,255,1484.464,3.5-10,100,section in pieces
10.30.23_1.22.24_P1_B,10.30.23,1.22.24,1.22.24,663,One,WT,,,P1,B,Striatum_2,P4_B_103023_Ms_GFAP_Stitch.tif,159,416,2.616,0.064,255,667.17,0-Inf,100,section in pieces
10.30.23_1.22.24_P1_B,10.30.23,1.22.24,1.22.24,663,One,WT,,,P1,B,Striatum_2,P4_B_103023_Ms_GFAP_Stitch.tif,153,308,2.013,0.047,255,513.333,1-10,100,section in pieces
10.30.23_1.22.24_P1_B,10.30.23,1.22.24,1.22.24,663,One,WT,,,P1,B,Striatum_2,P4_B_103023_Ms_GFAP_Stitch.tif,22,127,5.773,0.019,255,1472.045,3.5-10,100,section in pieces
10.30.23_1.24.24_P1_C,10.30.23,1.24.24,1.24.24,536,One,HET,,,P1,C,Striatum_1,P1_C_1030.23_Ms_GFAP_Stitch.tif,79,245,3.101,0.017,255,790.823,0-Inf,100,
10.30.23_1.24.24_P1_C,10.30.23,1.24.24,1.24.24,536,One,HET,,,P1,C,Striatum_1,P1_C_1030.23_Ms_GFAP_Stitch.tif,74,142,1.919,0.01,255,489.324,1-10,100,
10.30.23_1.24.24_P1_C,10.30.23,1.24.24,1.24.24,536,One,HET,,,P1,C,Striatum_1,P1_C_1030.23_Ms_GFAP_Stitch.tif,8,50,6.25,0.004,255,1593.75,3.5-10,100,
10.30.23_1.24.24_P1_C,10.30.23,1.24.24,1.24.24,536,One,HET,,,P1,C,Striatum_2,NA,NA,NA,NA,NA,NA,NA,0-Inf,100,too folded
10.30.23_1.24.24_P1_C,10.30.23,1.24.24,1.24.24,536,One,HET,,,P1,C,Striatum_2,NA,NA,NA,NA,NA,NA,NA,1-10,100,too folded
10.30.23_1.24.24_P1_C,10.30.23,1.24.24,1.24.24,536,One,HET,,,P1,C,Striatum_2,NA,NA,NA,NA,NA,NA,NA,3.5-10,100,too folded
10.30.23_1.24.24_P1_D,10.30.23,1.24.24,1.24.24,536,One,HET,,,P1,D,Striatum_1,P1_D_1030.23_Ms_GFAP_Stitch-1.tif,184,355,1.929,0.021,255,491.984,0-Inf,90,
10.30.23_1.24.24_P1_D,10.30.23,1.24.24,1.24.24,536,One,HET,,,P1,D,Striatum_1,P1_D_1030.23_Ms_GFAP_Stitch-1.tif,183,344,1.88,0.02,255,479.344,1-10,90,
10.30.23_1.24.24_P1_D,10.30.23,1.24.24,1.24.24,536,One,HET,,,P1,D,Striatum_1,P1_D_1030.23_Ms_GFAP_Stitch-1.tif,20,111,5.55,0.006,255,1415.25,3.5-10,90,
10.30.23_1.24.24_P1_D,10.30.23,1.24.24,1.24.24,536,One,HET,,,P1,D,Striatum_2,NA,NA,NA,NA,NA,NA,NA,0-Inf,90,half of the striatum missing
10.30.23_1.24.24_P1_D,10.30.23,1.24.24,1.24.24,536,One,HET,,,P1,D,Striatum_2,NA,NA,NA,NA,NA,NA,NA,1-10,90,half of the striatum missing
10.30.23_1.24.24_P1_D,10.30.23,1.24.24,1.24.24,536,One,HET,,,P1,D,Striatum_2,NA,NA,NA,NA,NA,NA,NA,3.5-10,90,half of the striatum missing
,10.30.23,2.2.24,2.2.24,665,One,MUT,,,P1,E,Striatum_1,P1_E_1030.23_Ms_GFAP_left_Stitch.tif,1025,5018,4.896,0.413,255,1248.38,0-Inf,70,
,10.30.23,2.2.24,2.2.24,665,One,MUT,,,P1,E,Striatum_1,P1_E_1030.23_Ms_GFAP_left_Stitch.tif,924,1886,2.041,0.155,255,520.487,1-10,70,
,10.30.23,2.2.24,2.2.24,665,One,MUT,,,P1,E,Striatum_1,P1_E_1030.23_Ms_GFAP_left_Stitch.tif,137,793,5.788,0.065,255,1476.022,3.5-10,70,
,10.30.23,2.2.24,2.2.24,665,One,MUT,,,P1,E,Striatum_2,P1_E_1030.23_Ms_GFAP_right_Stitch.tif,602,2691,4.47,0.426,255,1139.875,0-Inf,70,
,10.30.23,2.2.24,2.2.24,665,One,MUT,,,P1,E,Striatum_2,P1_E_1030.23_Ms_GFAP_right_Stitch.tif,563,1153,2.048,0.183,255,522.229,1-10,70,
,10.30.23,2.2.24,2.2.24,665,One,MUT,,,P1,E,Striatum_2,P1_E_1030.23_Ms_GFAP_right_Stitch.tif,86,482,5.605,0.076,255,1429.186,3.5-10,70,
,10.30.23,2.2.24,2.2.24,665,One,MUT,,,P1,F,Striatum_1,P1_F_1030.23_Ms_GFAP_Stitch-1.tif,1040,3680,3.538,0.551,255,902.308,0-Inf,70,
,10.30.23,2.2.24,2.2.24,665,One,MUT,,,P1,F,Striatum_1,P1_F_1030.23_Ms_GFAP_Stitch-1.tif,980,2095,2.138,0.314,255,545.128,1-10,70,
,10.30.23,2.2.24,2.2.24,665,One,MUT,,,P1,F,Striatum_1,P1_F_1030.23_Ms_GFAP_Stitch-1.tif,153,906,5.922,0.136,255,1510,3.5-10,70,
,10.30.23,2.2.24,2.2.24,665,One,MUT,,,P1,F,Striatum_2,NA,NA,NA,NA,NA,NA,NA,0-Inf,70,
,10.30.23,2.2.24,2.2.24,665,One,MUT,,,P1,F,Striatum_2,NA,NA,NA,NA,NA,NA,NA,1-10,70,
,10.30.23,2.2.24,2.2.24,665,One,MUT,,,P1,F,Striatum_2,NA,NA,NA,NA,NA,NA,NA,3.5-10,70,
,10.30.23,2.4.24,2.4.24,663,One,WT,,,P2,A,Striatum_1,P2_A_103023._Ms_GFAP_Stitch.tif,683,2624,3.842,0.222,255,979.678,0-Inf,60,
,10.30.23,2.4.24,2.4.24,663,One,WT,,,P2,A,Striatum_1,P2_A_103023._Ms_GFAP_Stitch.tif,624,1435,2.3,0.122,255,586.418,1-10,60,
,10.30.23,2.4.24,2.4.24,663,One,WT,,,P2,A,Striatum_1,P2_A_103023._Ms_GFAP_Stitch.tif,112,675,6.027,0.057,255,1536.83,3.5-10,60,
,10.30.23,2.4.24,2.4.24,663,One,WT,,,P2,A,Striatum_2,P2_A_103023._Ms_GFAP_Stitch.tif,1162,6347,5.462,0.569,255,1392.844,0-Inf,60,
,10.30.23,2.4.24,2.4.24,663,One,WT,,,P2,A,Striatum_2,P2_A_103023._Ms_GFAP_Stitch.tif,1064,2406,2.261,0.216,255,576.626,1-10,60,
,10.30.23,2.4.24,2.4.24,663,One,WT,,,P2,A,Striatum_2,P2_A_103023._Ms_GFAP_Stitch.tif,195,1139,5.841,0.102,255,1489.462,3.5-10,60,
,10.30.23,2.4.24,2.4.24,663,One,WT,,,P2,B,Striatum_1,P2_B_103023._Ms_GFAP_Stitch.tif,1659,7382,4.45,0.677,255,1134.665,0-Inf,50,
,10.30.23,2.4.24,2.4.24,663,One,WT,,,P2,B,Striatum_1,P2_B_103023._Ms_GFAP_Stitch.tif,1525,3402,2.231,0.312,255,568.859,1-10,50,
,10.30.23,2.4.24,2.4.24,663,One,WT,,,P2,B,Striatum_1,P2_B_103023._Ms_GFAP_Stitch.tif,286,1677,5.864,0.154,255,1495.227,3.5-10,50,
,10.30.23,2.4.24,2.4.24,663,One,WT,,,P2,B,Striatum_2,P2_B_103023._Ms_GFAP_Stitch.tif,1723,8957,5.198,0.691,255,1325.615,0-Inf,50,
,10.30.23,2.4.24,2.4.24,663,One,WT,,,P2,B,Striatum_2,P2_B_103023._Ms_GFAP_Stitch.tif,1574,3309,2.102,0.255,255,536.083,1-10,50,
,10.30.23,2.4.24,2.4.24,663,One,WT,,,P2,B,Striatum_2,P2_B_103023._Ms_GFAP_Stitch.tif,255,1512,5.929,0.117,255,1512,3.5-10,50,
,10.30.23,2.4.24,2.4.24,536,One,HET,,,P2,C,Striatum_1,P2_C_103023._Ms_GFAP_Stitch.tif,2725,12395,4.549,0.815,255,1159.899,0-Inf,60,
,10.30.23,2.4.24,2.4.24,536,One,HET,,,P2,C,Striatum_1,P2_C_103023._Ms_GFAP_Stitch.tif,2498,6451,2.582,0.424,255,658.529,1-10,60,
,10.30.23,2.4.24,2.4.24,536,One,HET,,,P2,C,Striatum_1,P2_C_103023._Ms_GFAP_Stitch.tif,610,3571,5.854,0.235,255,1492.795,3.5-10,60,
,10.30.23,2.4.24,2.4.24,536,One,HET,,,P2,C,Striatum_2,NA,NA,NA,NA,NA,NA,NA,0-Inf,60,
,10.30.23,2.4.24,2.4.24,536,One,HET,,,P2,C,Striatum_2,NA,NA,NA,NA,NA,NA,NA,1-10,60,
,10.30.23,2.4.24,2.4.24,536,One,HET,,,P2,C,Striatum_2,NA,NA,NA,NA,NA,NA,NA,3.5-10,60,
,10.30.23,2.4.24,2.4.24,536,One,HET,,,P2,D,Striatum_1,P2_D_103023._Ms_GFAP_Stitch.tif,2583,10953,4.24,0.752,255,1081.307,0-Inf,60,unsure about this one for area selection
,10.30.23,2.4.24,2.4.24,536,One,HET,,,P2,D,Striatum_1,P2_D_103023._Ms_GFAP_Stitch.tif,2425,6232,2.57,0.428,255,655.324,1-10,60,
,10.30.23,2.4.24,2.4.24,536,One,HET,,,P2,D,Striatum_1,P2_D_103023._Ms_GFAP_Stitch.tif,603,3387,5.617,0.232,255,1432.313,3.5-10,60,
,10.30.23,2.4.24,2.4.24,536,One,HET,,,P2,D,Striatum_2,NA,NA,NA,NA,NA,NA,NA,0-Inf,,
,10.30.23,2.4.24,2.4.24,536,One,HET,,,P2,D,Striatum_2,NA,NA,NA,NA,NA,NA,NA,1-10,,
,10.30.23,2.4.24,2.4.24,536,One,HET,,,P2,D,Striatum_2,NA,NA,NA,NA,NA,NA,NA,3.5-10,,
,10.30.23,2.4.24,2.4.24,665,One,MUT,,,P2,E,Striatum_1,P2_E_103023._Ms_GFAP_Stitch_Stitch-1.tif,1646,4794,2.913,0.306,255,742.691,0-Inf,60,
,10.30.23,2.4.24,2.4.24,665,One,MUT,,,P2,E,Striatum_1,P2_E_103023._Ms_GFAP_Stitch_Stitch-1.tif,1575,3494,2.218,0.223,255,565.695,1-10,60,
,10.30.23,2.4.24,2.4.24,665,One,MUT,,,P2,E,Striatum_1,P2_E_103023._Ms_GFAP_Stitch_Stitch-1.tif,281,1607,5.719,0.103,255,1458.31,3.5-10,60,
,10.30.23,2.4.24,2.4.24,665,One,MUT,,,P2,E,Striatum_2,P2_E_103023._Ms_GFAP_Stitch_Stitch-1.tif,621,1764,2.841,0.149,255,724.348,0-Inf,60,
,10.30.23,2.4.24,2.4.24,665,One,MUT,,,P2,E,Striatum_2,P2_E_103023._Ms_GFAP_Stitch_Stitch-1.tif,595,1305,2.193,0.11,255,559.286,1-10,60,
,10.30.23,2.4.24,2.4.24,665,One,MUT,,,P2,E,Striatum_2,P2_E_103023._Ms_GFAP_Stitch_Stitch-1.tif,101,619,6.129,0.052,255,1562.822,3.5-10,60,
,10.30.23,2.4.24,2.4.24,665,One,MUT,,,P2,F,Striatum_1,P2_F_103023._Ms_GFAP_Stitch.tif,521,2136,4.1,0.224,255,1045.451,0-Inf,60,
,10.30.23,2.4.24,2.4.24,665,One,MUT,,,P2,F,Striatum_1,P2_F_103023._Ms_GFAP_Stitch.tif,476,1091,2.292,0.114,255,584.464,1-10,60,
,10.30.23,2.4.24,2.4.24,665,One,MUT,,,P2,F,Striatum_1,P2_F_103023._Ms_GFAP_Stitch.tif,88,526,5.977,0.055,255,1524.205,3.5-10,60,
,10.30.23,2.4.24,2.4.24,665,One,MUT,,,P2,F,Striatum_2,P2_F_103023._Ms_GFAP_Stitch.tif,938,4871,5.193,0.253,255,1324.206,0-Inf,60,
,10.30.23,2.4.24,2.4.24,665,One,MUT,,,P2,F,Striatum_2,P2_F_103023._Ms_GFAP_Stitch.tif,849,1879,2.213,0.098,255,564.364,1-10,60,
,10.30.23,2.4.24,2.4.24,665,One,MUT,,,P2,F,Striatum_2,P2_F_103023._Ms_GFAP_Stitch.tif,145,903,6.228,0.047,255,1588.034,3.5-10,60,
,10.30.23,2.4.24,2.4.24,962,Three,WT,,,P3,A,Striatum_1,P3_A_1030.23_Ms_GFAP_Stitch.tif,712,3528,4.955,0.237,255,1263.539,0-Inf,70,good tissue slice
,10.30.23,2.4.24,2.4.24,962,Three,WT,,,P3,A,Striatum_1,P3_A_1030.23_Ms_GFAP_Stitch.tif,668,1375,2.058,0.092,255,524.888,1-10,70,good tissue slice
,10.30.23,2.4.24,2.4.24,962,Three,WT,,,P3,A,Striatum_1,P3_A_1030.23_Ms_GFAP_Stitch.tif,94,566,6.021,0.038,255,1535.426,3.5-10,70,good tissue slice
,10.30.23,2.4.24,2.4.24,962,Three,WT,,,P3,A,Striatum_2,P3_A_1030.23_Ms_GFAP_Stitch.tif,634,2532,3.994,0.168,255,1018.391,0-Inf,70,good tissue slice
,10.30.23,2.4.24,2.4.24,962,Three,WT,,,P3,A,Striatum_2,P3_A_1030.23_Ms_GFAP_Stitch.tif,596,1211,2.032,0.08,255,518.129,1-10,70,good tissue slice
,10.30.23,2.4.24,2.4.24,962,Three,WT,,,P3,A,Striatum_2,P3_A_1030.23_Ms_GFAP_Stitch.tif,87,515,5.92,0.034,255,1509.483,3.5-10,70,good tissue slice
,10.30.23,2.4.24,2.4.24,962,Three,WT,,,P3,B,Striatum_1,P3_B_103023_Ms_GFAP_Stitch-1.tif,627,1698,2.708,0.136,255,690.574,,70,good tissue slice
,10.30.23,2.4.24,2.4.24,962,Three,WT,,,P3,B,Striatum_1,P3_B_103023_Ms_GFAP_Stitch-1.tif,601,1214,2.02,0.097,255,515.092,,70,good tissue slice
,10.30.23,2.4.24,2.4.24,962,Three,WT,,,P3,B,Striatum_1,P3_B_103023_Ms_GFAP_Stitch-1.tif,82,479,5.841,0.038,255,1489.573,,70,good tissue slice
,10.30.23,2.4.24,2.4.24,962,Three,WT,,,P3,B,Striatum_2,P3_B_103023_Ms_GFAP_Stitch-1.tif,844,3220,3.815,0.207,255,972.867,,70,good tissue slice
,10.30.23,2.4.24,2.4.24,962,Three,WT,,,P3,B,Striatum_2,P3_B_103023_Ms_GFAP_Stitch-1.tif,801,1721,2.149,0.111,255,547.884,,70,good tissue slice
,10.30.23,2.4.24,2.4.24,962,Three,WT,,,P3,B,Striatum_2,P3_B_103023_Ms_GFAP_Stitch-1.tif,141,785,5.567,0.05,255,1419.681,,70,good tissue slice
,10.30.23,2.4.24,2.4.24,719,One,HET,,,P3,C,Striatum_1,P3_C_103023_Ms_GFAP_Stitch.tif,486,751,1.545,0.056,255,394.043,,70,
,10.30.23,2.4.24,2.4.24,719,One,HET,,,P3,C,Striatum_1,P3_C_103023_Ms_GFAP_Stitch.tif,484,729,1.506,0.054,255,384.081,,70,
,10.30.23,2.4.24,2.4.24,719,One,HET,,,P3,C,Striatum_1,P3_C_103023_Ms_GFAP_Stitch.tif,23,108,4.696,0.008,255,1197.391,,70,
,10.30.23,2.4.24,2.4.24,719,One,HET,,,P3,C,Striatum_2,P3_C_103023_Ms_GFAP_Stitch.tif,362,665,1.837,0.064,255,468.439,,70,
,10.30.23,2.4.24,2.4.24,719,One,HET,,,P3,C,Striatum_2,P3_C_103023_Ms_GFAP_Stitch.tif,359,631,1.758,0.06,255,448.203,,70,
,10.30.23,2.4.24,2.4.24,719,One,HET,,,P3,C,Striatum_2,P3_C_103023_Ms_GFAP_Stitch.tif,35,196,5.6,0.019,255,1428,,70,
,10.30.23,2.12.24,2.12.24,719,One,HET,,,P3,D,,P3_D_103023_Ms_GFAP_Stitch.tif,785,2292,2.92,0.299,255,744.535,,70,
,10.30.23,2.12.24,2.12.24,719,One,HET,,,P3,D,,P3_D_103023_Ms_GFAP_Stitch.tif,750,1665,2.22,0.217,255,566.1,,70,
,10.30.23,2.12.24,2.12.24,719,One,HET,,,P3,D,,P3_D_103023_Ms_GFAP_Stitch.tif,137,786,5.737,0.102,255,1462.993,,70,
,10.30.23,2.12.24,2.12.24,719,One,HET,,,P3,D,,P3_D_103023_Ms_GFAP_Stitch.tif,854,2236,2.618,0.295,255,667.658,,70,
,10.30.23,2.12.24,2.12.24,719,One,HET,,,P3,D,,P3_D_103023_Ms_GFAP_Stitch.tif,822,1732,2.107,0.228,255,537.299,,70,
,10.30.23,2.12.24,2.12.24,719,One,HET,,,P3,D,,P3_D_103023_Ms_GFAP_Stitch.tif,129,728,5.643,0.096,255,1439.07,,70,
,10.30.23,2.12.24,2.12.24,667,One,MUT,,,P3,E,,P3_E_103023_Ms_GFAP_Stitch.tif,580,1867,3.219,0.118,255,820.836,,70,
,10.30.23,2.12.24,2.12.24,667,One,MUT,,,P3,E,,P3_E_103023_Ms_GFAP_Stitch.tif,547,1071,1.958,0.068,255,499.278,,70,
,10.30.23,2.12.24,2.12.24,667,One,MUT,,,P3,E,,P3_E_103023_Ms_GFAP_Stitch.tif,71,434,6.113,0.027,255,1558.732,,70,
,10.30.23,2.12.24,2.12.24,667,One,MUT,,,P3,E,,P3_E_103023_Ms_GFAP_Stitch.tif,1379,6001,4.352,0.475,255,1109.685,,70,
,10.30.23,2.12.24,2.12.24,667,One,MUT,,,P3,E,,P3_E_103023_Ms_GFAP_Stitch.tif,1280,2684,2.097,0.213,255,534.703,,70,
,10.30.23,2.12.24,2.12.24,667,One,MUT,,,P3,E,,P3_E_103023_Ms_GFAP_Stitch.tif,192,1169,6.089,0.093,255,1552.578,,70,
,10.30.23,2.12.24,2.12.24,667,One,MUT,,,P3,F,,P3_F_103023_Ms_GFAP_Stitch.tif,680,2263,3.328,0.214,255,848.625,,70,
,10.30.23,2.12.24,2.12.24,667,One,MUT,,,P3,F,,P3_F_103023_Ms_GFAP_Stitch.tif,634,1297,2.046,0.123,255,521.664,,,
,10.30.23,2.12.24,2.12.24,667,One,MUT,,,P3,F,,P3_F_103023_Ms_GFAP_Stitch.tif,92,524,5.696,0.05,255,1452.391,,,
,10.30.23,2.12.24,2.12.24,667,One,MUT,,,P3,F,,P3_F_103023_Ms_GFAP_Stitch.tif,844,3334,3.95,0.258,255,1007.31,,,
,10.30.23,2.12.24,2.12.24,667,One,MUT,,,P3,F,,P3_F_103023_Ms_GFAP_Stitch.tif,784,1607,2.05,0.124,255,522.685,,,
,10.30.23,2.12.24,2.12.24,667,One,MUT,,,P3,F,,P3_F_103023_Ms_GFAP_Stitch.tif,109,643,5.899,0.05,255,1504.266,,,
,11.02.23,2.17.24,2.17.24,924,Three,WT,,,P1,B,,P1_B_1_1102.23_Ms_GFAP_Stitch.tif,197,636,3.228,0.042,255,823.249,,60,
,11.02.23,2.17.24,2.17.24,924,Three,WT,,,P1,B,,P1_B_1_1102.23_Ms_GFAP_Stitch.tif,185,380,2.054,0.025,255,523.784,,,
,11.02.23,2.17.24,2.17.24,924,Three,WT,,,P1,B,,P1_B_1_1102.23_Ms_GFAP_Stitch.tif,26,154,5.923,0.01,255,1510.385,,,
,11.02.23,2.17.24,2.17.24,924,Three,WT,,,P1,B,,NA,NA,NA,NA,NA,NA,NA,,,
,11.02.23,2.17.24,2.17.24,924,Three,WT,,,P1,B,,NA,NA,NA,NA,NA,NA,NA,,,
,11.02.23,2.17.24,2.17.24,924,Three,WT,,,P1,B,,NA,NA,NA,NA,NA,NA,NA,,,
,11.02.23,2.17.24,2.17.24,924,Three,WT,,,P1,A,,P1_A_right_1102.23_Ms_GFAP_Stitch.tif,94,266,2.83,0.016,255,721.596,,70,
,11.02.23,2.17.24,2.17.24,924,Three,WT,,,P1,A,,P1_A_right_1102.23_Ms_GFAP_Stitch.tif,89,160,1.798,0.01,255,458.427,,,
,11.02.23,2.17.24,2.17.24,924,Three,WT,,,P1,A,,P1_A_right_1102.23_Ms_GFAP_Stitch.tif,11,56,5.091,0.003,255,1298.182,,,
,11.02.23,2.17.24,2.17.24,924,Three,WT,,,P1,A,,P1_A_left_1102.23_Ms_GFAP_Stitch.tif,56,148,2.643,0.019,255,673.929,,,
,11.02.23,2.17.24,2.17.24,924,Three,WT,,,P1,A,,P1_A_left_1102.23_Ms_GFAP_Stitch.tif,54,120,2.222,0.015,255,566.667,,,
,11.02.23,2.17.24,2.17.24,924,Three,WT,,,P1,A,,P1_A_left_1102.23_Ms_GFAP_Stitch.tif,8,49,6.125,0.006,255,1561.875,,,
,10.30.23,2.17.24,2.17.24,717,One,MUT,,,P4,F,,P4_F_1030.23_Ms_GFAP_Stitch.tif,1270,6036,4.753,0.895,255,1211.953,,60,
,10.30.23,2.17.24,2.17.24,717,One,MUT,,,P4,F,,P4_F_1030.23_Ms_GFAP_Stitch.tif,1141,2634,2.309,0.391,255,588.668,,,
,10.30.23,2.17.24,2.17.24,717,One,MUT,,,P4,F,,P4_F_1030.23_Ms_GFAP_Stitch.tif,236,1386,5.873,0.206,255,1497.585,,,
,10.30.23,2.17.24,2.17.24,717,One,MUT,,,P4,F,,P4_F_1030.23_Ms_GFAP_Stitch.tif,1727,6281,3.637,0.513,255,927.42,,,
,10.30.23,2.17.24,2.17.24,717,One,MUT,,,P4,F,,P4_F_1030.23_Ms_GFAP_Stitch.tif,1600,3411,2.132,0.279,255,543.628,,,
,10.30.23,2.17.24,2.17.24,717,One,MUT,,,P4,F,,P4_F_1030.23_Ms_GFAP_Stitch.tif,262,1509,5.76,0.123,255,1468.683,,,
,10.30.23,2.17.24,2.17.24,717,One,MUT,,,,,,P4_E_1030.23_Ms_GFAP_Stitch.tif,558,2196,3.935,0.135,255,1003.548,,60,
,10.30.23,2.17.24,2.17.24,717,One,MUT,,,,,,P4_E_1030.23_Ms_GFAP_Stitch.tif,514,1142,2.222,0.07,255,566.556,,,
,10.30.23,2.17.24,2.17.24,717,One,MUT,,,,,,P4_E_1030.23_Ms_GFAP_Stitch.tif,88,534,6.068,0.033,255,1547.386,,,
,10.30.23,2.17.24,2.17.24,717,One,MUT,,,,,,P4_E_1030.23_Ms_GFAP_Stitch.tif,398,1702,4.276,0.22,255,1090.477,,,
,10.30.23,2.17.24,2.17.24,717,One,MUT,,,,,,P4_E_1030.23_Ms_GFAP_Stitch.tif,360,754,2.094,0.098,255,534.083,,,
,10.30.23,2.17.24,2.17.24,717,One,MUT,,,,,,P4_E_1030.23_Ms_GFAP_Stitch.tif,56,308,5.5,0.04,255,1402.5,,,
,10.30.23,2.17.24,2.17.24,582,One,HET,,,,,,P4_D_1030.23_Ms_GFAP_Stitch.tif,1371,4680,3.414,0.412,255,870.46,,70,
,10.30.23,2.17.24,2.17.24,582,One,HET,,,,,,P4_D_1030.23_Ms_GFAP_Stitch.tif,1301,2969,2.282,0.262,255,581.933,,,
,10.30.23,2.17.24,2.17.24,582,One,HET,,,,,,P4_D_1030.23_Ms_GFAP_Stitch.tif,234,1299,5.551,0.114,255,1415.577,,,
,10.30.23,2.17.24,2.17.24,582,One,HET,,,,,,NA,NA,NA,NA,NA,NA,NA,,,
,10.30.23,2.17.24,2.17.24,582,One,HET,,,,,,NA,NA,NA,NA,NA,NA,NA,,,
,10.30.23,2.17.24,2.17.24,582,One,HET,,,,,,NA,NA,NA,NA,NA,NA,NA,,,
,10.30.23,2.17.24,2.17.24,582,One,HET,,,,,,P4_C_1030.23_Ms_GFAP_Stitch.tif,163,442,2.712,0.036,255,691.472,,70,bad tissue section
,10.30.23,2.17.24,2.17.24,582,One,HET,,,,,,P4_C_1030.23_Ms_GFAP_Stitch.tif,157,277,1.764,0.023,255,449.904,,,
,10.30.23,2.17.24,2.17.24,582,One,HET,,,,,,P4_C_1030.23_Ms_GFAP_Stitch.tif,15,87,5.8,0.007,255,1479,,,
,10.30.23,2.17.24,2.17.24,582,One,HET,,,,,,NA,NA,NA,NA,NA,NA,NA,,,
,10.30.23,2.17.24,2.17.24,582,One,HET,,,,,,NA,NA,NA,NA,NA,NA,NA,,,
,10.30.23,2.17.24,2.17.24,582,One,HET,,,,,,NA,NA,NA,NA,NA,NA,NA,,,
,10.30.23,2.17.24,2.17.24,838,Two,WT,,,,,,P4_B_1030.23_Ms_GFAP_Stitch-1.tif,453,1456,3.214,0.197,255,819.603,,,
,10.30.23,2.17.24,2.17.24,838,Two,WT,,,,,,P4_B_1030.23_Ms_GFAP_Stitch-1.tif,430,870,2.023,0.118,255,515.93,,,
,10.30.23,2.17.24,2.17.24,838,Two,WT,,,,,,P4_B_1030.23_Ms_GFAP_Stitch-1.tif,58,333,5.741,0.045,255,1464.052,,,
,10.30.23,2.17.24,2.17.24,838,Two,WT,,,,,,P4_B_1030.23_Ms_GFAP_Stitch-1.tif,426,1554,3.648,0.173,255,930.211,,,
,10.30.23,2.17.24,2.17.24,838,Two,WT,,,,,,P4_B_1030.23_Ms_GFAP_Stitch-1.tif,403,906,2.248,0.101,255,573.275,,,
,10.30.23,2.17.24,2.17.24,838,Two,WT,,,,,,P4_B_1030.23_Ms_GFAP_Stitch-1.tif,77,437,5.675,0.049,255,1447.208,,,
,10.30.23,2.17.24,2.17.24,838,Two,WT,,,,,,P4_A_1030.23_Ms_GFAP_Stitch.tif,2617,9980,3.814,0.781,255,972.449,,,
,10.30.23,2.17.24,2.17.24,838,Two,WT,,,,,,P4_A_1030.23_Ms_GFAP_Stitch.tif,2423,5312,2.192,0.416,255,559.043,,,
,10.30.23,2.17.24,2.17.24,838,Two,WT,,,,,,P4_A_1030.23_Ms_GFAP_Stitch.tif,430,2548,5.926,0.199,255,1511.023,,,
,10.30.23,2.17.24,2.17.24,838,Two,WT,,,,,,P4_A_1030.23_Ms_GFAP_Stitch.tif,1908,6420,3.365,0.53,255,858.019,,,
,10.30.23,2.17.24,2.17.24,838,Two,WT,,,,,,P4_A_1030.23_Ms_GFAP_Stitch.tif,1793,3967,2.212,0.327,255,564.186,,,
,10.30.23,2.17.24,2.17.24,838,Two,WT,,,,,,P4_A_1030.23_Ms_GFAP_Stitch.tif,304,1807,5.944,0.149,255,1515.74,,,
,11.02.23,3.3.24,3.3.24,924,Three,WT,,,P2,A,,P2_A_1102.23_Ms_GFAP_Stitch.tif,68,156,2.294,0.01,255,585,,,
,11.02.23,3.3.24,3.3.24,924,Three,WT,,,P2,A,,P2_A_1102.23_Ms_GFAP_Stitch.tif,67,135,2.015,0.009,255,513.806,,,
,11.02.23,3.3.24,3.3.24,924,Three,WT,,,P2,A,,P2_A_1102.23_Ms_GFAP_Stitch.tif,10,53,5.3,0.003,255,1351.5,,,
,11.02.23,3.3.24,3.3.24,924,Three,WT,,,P2,A,,NA,NA,NA,NA,NA,NA,NA,,,
,11.02.23,3.3.24,3.3.24,924,Three,WT,,,P2,A,,NA,NA,NA,NA,NA,NA,NA,,,
,11.02.23,3.3.24,3.3.24,924,Three,WT,,,P2,A,,NA,NA,NA,NA,NA,NA,NA,,,
,11.02.23,3.3.24,3.3.24,899,Three,MUT,,,,,,P1_E_left_1102.23_Ms_GFAP_Stitch-1.tif,154,472,3.065,0.036,255,781.558,,,
,11.02.23,3.3.24,3.3.24,899,Three,MUT,,,,,,P1_E_left_1102.23_Ms_GFAP_Stitch-1.tif,146,333,2.281,0.026,255,581.61,,,
,11.02.23,3.3.24,3.3.24,899,Three,MUT,,,,,,P1_E_left_1102.23_Ms_GFAP_Stitch-1.tif,31,180,5.806,0.014,255,1480.645,,,
,11.02.23,3.3.24,3.3.24,899,Three,MUT,,,,,,P1_E_right_1102.23_Ms_GFAP_Stitch.tif,332,1009,3.039,0.059,255,774.985,,,
,11.02.23,3.3.24,3.3.24,899,Three,MUT,,,,,,P1_E_right_1102.23_Ms_GFAP_Stitch.tif,310,666,2.148,0.039,255,547.839,,,
,11.02.23,3.3.24,3.3.24,899,Three,MUT,,,,,,P1_E_right_1102.23_Ms_GFAP_Stitch.tif,48,284,5.917,0.016,255,1508.75,,,
,11.02.23,3.3.24,3.3.24,872,Two,HET,,,,,,P1_C_1102.23_Ms_GFAP_Stitch.tif,168,453,2.696,0.038,255,687.589,,,
,11.02.23,3.3.24,3.3.24,872,Two,HET,,,,,,P1_C_1102.23_Ms_GFAP_Stitch.tif,161,307,1.907,0.026,255,486.242,,,
,11.02.23,3.3.24,3.3.24,872,Two,HET,,,,,,P1_C_1102.23_Ms_GFAP_Stitch.tif,20,116,5.8,0.01,255,1479,,,
,11.02.23,3.3.24,3.3.24,872,Two,HET,,,,,,NA,NA,NA,NA,NA,NA,NA,,,
,11.02.23,3.3.24,3.3.24,872,Two,HET,,,,,,NA,NA,NA,NA,NA,NA,NA,,,
,11.02.23,3.3.24,3.3.24,872,Two,HET,,,,,,NA,NA,NA,NA,NA,NA,NA,,,
,11.02.23,3.10.24,3.10.24,579,Two,HET,,,,,,P3_C_112.23_Stitch-1.tif,502,1639,3.265,0.211,255,832.56,,,
,11.02.23,3.10.24,3.10.24,579,Two,HET,,,,,,P3_C_112.23_Stitch-1.tif,473,1031,2.18,0.133,255,555.825,,,
,11.02.23,3.10.24,3.10.24,579,Two,HET,,,,,,P3_C_112.23_Stitch-1.tif,80,497,6.213,0.064,255,1584.188,,,
,11.02.23,3.10.24,3.10.24,579,Two,HET,,,,,,P3_C_112.23_Stitch-1.tif,237,620,2.616,0.083,255,667.089,,,
,11.02.23,3.10.24,3.10.24,579,Two,HET,,,,,,P3_C_112.23_Stitch-1.tif,228,456,2,0.061,255,510,,,
,11.02.23,3.10.24,3.10.24,579,Two,HET,,,,,,P3_C_112.23_Stitch-1.tif,28,159,5.679,0.021,255,1448.036,,,
,11.02.23,3.10.24,3.10.24,540,One,WT,,,,,,P3_B_112.23_Stitch.tif,616,2014,3.269,0.123,255,833.718,,,
,11.02.23,3.10.24,3.10.24,540,One,WT,,,,,,P3_B_112.23_Stitch.tif,585,1175,2.009,0.072,255,512.179,,,
,11.02.23,3.10.24,3.10.24,540,One,WT,,,,,,P3_B_112.23_Stitch.tif,83,490,5.904,0.03,255,1505.422,,,
,11.02.23,3.10.24,3.10.24,540,One,WT,,,,,,P3_B_112.23_Stitch.tif,375,980,2.613,0.058,255,666.4,,,
,11.02.23,3.10.24,3.10.24,540,One,WT,,,,,,P3_B_112.23_Stitch.tif,362,761,2.102,0.045,255,536.064,,,
,11.02.23,3.10.24,3.10.24,540,One,WT,,,,,,P3_B_112.23_Stitch.tif,59,335,5.678,0.02,255,1447.881,,,
,11.02.23,3.10.24,3.10.24,540,One,WT,,,,,,P3_A_112.23_Stitch.tif,158,437,2.766,0.023,255,705.285,,,
,11.02.23,3.10.24,3.10.24,540,One,WT,,,,,,P3_A_112.23_Stitch.tif,152,325,2.138,0.017,255,545.23,,,
,11.02.23,3.10.24,3.10.24,540,One,WT,,,,,,P3_A_112.23_Stitch.tif,22,137,6.227,0.007,255,1587.955,,,
,11.02.23,3.10.24,3.10.24,540,One,WT,,,,,,P3_A_112.23_Stitch.tif,116,236,2.034,0.013,255,518.793,,,
,11.02.23,3.10.24,3.10.24,540,One,WT,,,,,,P3_A_112.23_Stitch.tif,114,209,1.833,0.012,255,467.5,,,
,11.02.23,3.10.24,3.10.24,540,One,WT,,,,,,P3_A_112.23_Stitch.tif,14,70,5,0.004,255,1275,,,
,11.02.23,4.2.24,4.2.24,579,Two,HET,,,,,,P3_D_1102.23_Ms_GFAP_Stitch.tif,368,1200,3.261,0.071,255,831.522,,,
,11.02.23,4.2.24,4.2.24,579,Two,HET,,,,,,P3_D_1102.23_Ms_GFAP_Stitch.tif,347,726,2.092,0.043,255,533.516,,,
,11.02.23,4.2.24,4.2.24,579,Two,HET,,,,,,P3_D_1102.23_Ms_GFAP_Stitch.tif,54,310,5.741,0.018,255,1463.889,,,
,11.02.23,4.2.24,4.2.24,579,Two,HET,,,,,,NA,NA,NA,NA,NA,NA,NA,,,
,11.02.23,4.2.24,4.2.24,579,Two,HET,,,,,,NA,NA,NA,NA,NA,NA,NA,,,
,11.02.23,4.2.24,4.2.24,579,Two,HET,,,,,,NA,NA,NA,NA,NA,NA,NA,,,
,11.02.23,4.2.24,4.2.24,899,Three,MUT,,,,,,P2_F_1102.23_Ms_GFAP_Stitch.tif,358,1345,3.757,0.125,255,958.031,,,
,11.02.23,4.2.24,4.2.24,899,Three,MUT,,,,,,P2_F_1102.23_Ms_GFAP_Stitch.tif,345,767,2.223,0.072,255,566.913,,,
,11.02.23,4.2.24,4.2.24,899,Three,MUT,,,,,,P2_F_1102.23_Ms_GFAP_Stitch.tif,58,353,6.086,0.033,255,1551.983,,,
,11.02.23,4.2.24,4.2.24,899,Three,MUT,,,,,,NA,NA,NA,NA,NA,NA,NA,,,
,11.02.23,4.2.24,4.2.24,899,Three,MUT,,,,,,NA,NA,NA,NA,NA,NA,NA,,,
,11.02.23,4.2.24,4.2.24,899,Three,MUT,,,,,,NA,NA,NA,NA,NA,NA,NA,,,
,11.02.23,4.2.24,4.2.24,899,Three,MUT,,,,,,P2_E_1102.23_Ms_GFAP_Stitch.tif,344,1406,4.087,0.084,255,1042.238,50,,
,11.02.23,4.2.24,4.2.24,899,Three,MUT,,,,,,P2_E_1102.23_Ms_GFAP_Stitch.tif,325,693,2.132,0.042,255,543.738,,,
,11.02.23,4.2.24,4.2.24,899,Three,MUT,,,,,,P2_E_1102.23_Ms_GFAP_Stitch.tif,51,306,6,0.018,255,1530,,,
,11.02.23,4.2.24,4.2.24,899,Three,MUT,,,,,,P2_E_1102.23_Ms_GFAP_Stitch.tif,185,687,3.714,0.068,255,946.946,,,
,11.02.23,4.2.24,4.2.24,899,Three,MUT,,,,,,P2_E_1102.23_Ms_GFAP_Stitch.tif,170,359,2.112,0.035,255,538.5,,,
,11.02.23,4.2.24,4.2.24,899,Three,MUT,,,,,,P2_E_1102.23_Ms_GFAP_Stitch.tif,26,164,6.308,0.016,255,1608.462,,,
,11.02.23,4.2.24,4.2.24,872,Three,HET,,,,,,P2_D_1102.23_Ms_GFAP_Stitch.tif,137,318,2.321,0.024,255,591.898,,,
,11.02.23,4.2.24,4.2.24,872,Three,HET,,,,,,P2_D_1102.23_Ms_GFAP_Stitch.tif,132,244,1.848,0.019,255,471.364,,,
,11.02.23,4.2.24,4.2.24,872,Three,HET,,,,,,P2_D_1102.23_Ms_GFAP_Stitch.tif,16,84,5.25,0.006,255,1338.75,,,
,11.02.23,4.2.24,4.2.24,872,Three,HET,,,,,,P2_D_1102.23_Ms_GFAP_Stitch.tif,334,1140,3.413,0.065,255,870.359,,,
,11.02.23,4.2.24,4.2.24,872,Three,HET,,,,,,P2_D_1102.23_Ms_GFAP_Stitch.tif,315,671,2.13,0.038,255,543.19,,,
,11.02.23,4.2.24,4.2.24,872,Three,HET,,,,,,P2_D_1102.23_Ms_GFAP_Stitch.tif,57,314,5.509,0.018,255,1404.737,,,
,11.02.23,4.2.24,4.2.24,924,Three,WT,,,,,,P2_B_1102.23_Ms_GFAP_Stitch.tif,185,485,2.622,0.047,255,668.514,,,
,11.02.23,4.2.24,4.2.24,924,Three,WT,,,,,,P2_B_1102.23_Ms_GFAP_Stitch.tif,178,347,1.949,0.034,255,497.107,,,
,11.02.23,4.2.24,4.2.24,924,Three,WT,,,,,,P2_B_1102.23_Ms_GFAP_Stitch.tif,25,141,5.64,0.014,255,1438.2,,,
,11.02.23,4.2.24,4.2.24,924,Three,WT,,,,,,NA,NA,NA,NA,NA,NA,NA,,,
,11.02.23,4.2.24,4.2.24,924,Three,WT,,,,,,NA,NA,NA,NA,NA,NA,NA,,,
,11.02.23,4.2.24,4.2.24,924,Three,WT,,,,,,NA,NA,NA,NA,NA,NA,NA,,,
,11.02.23,4.6.24,4.6.24,835,Two,MUT,,,,,,P3_F_1102.23_Ms_GFAP_Stitch.tif,80,161,2.013,0.021,255,513.188,,,
,11.02.23,4.6.24,4.6.24,835,Two,MUT,,,,,,P3_F_1102.23_Ms_GFAP_Stitch.tif,78,129,1.654,0.017,255,421.731,,,
,11.02.23,4.6.24,4.6.24,835,Two,MUT,,,,,,P3_F_1102.23_Ms_GFAP_Stitch.tif,6,32,5.333,0.004,255,1360,,,
,11.02.23,4.6.24,4.6.24,835,Two,MUT,,,,,,P3_F_1102.23_Ms_GFAP_Stitch.tif,102,189,1.853,0.015,255,472.5,,,
,11.02.23,4.6.24,4.6.24,835,Two,MUT,,,,,,P3_F_1102.23_Ms_GFAP_Stitch.tif,102,189,1.853,0.015,255,472.5,,,
,11.02.23,4.6.24,4.6.24,835,Two,MUT,,,,,,P3_F_1102.23_Ms_GFAP_Stitch.tif,15,70,4.667,0.006,255,1190,,,
,11.6.23,4.7.24,4.7.24,858,Two,WT,,,,,,P1_B_116.23_MsGFAP_Stitch.tif,189,935,4.947,0.062,255,1261.508,,,
,11.6.23,4.7.24,4.7.24,858,Two,WT,,,,,,P1_B_116.23_MsGFAP_Stitch.tif,183,371,2.027,0.025,255,516.967,,,
,11.6.23,4.7.24,4.7.24,858,Two,WT,,,,,,P1_B_116.23_MsGFAP_Stitch.tif,25,151,6.04,0.01,255,1540.2,,,
,11.6.23,4.7.24,4.7.24,858,Two,WT,,,,,,P1_B_116.23_MsGFAP_Stitch.tif,234,478,2.043,0.034,255,520.897,,,
,11.6.23,4.7.24,4.7.24,858,Two,WT,,,,,,P1_B_116.23_MsGFAP_Stitch.tif,230,425,1.848,0.03,255,471.196,,,
,11.6.23,4.7.24,4.7.24,858,Two,WT,,,,,,P1_B_116.23_MsGFAP_Stitch.tif,32,163,5.094,0.012,255,1298.906,,,
,11.6.23,4.7.24,4.7.24,858,Two,WT,,,,,,P1_A_11.6.23_MsGFAP_Stitch.tif,201,439,2.184,0.042,255,556.94,,,
,11.6.23,4.7.24,4.7.24,858,Two,WT,,,,,,P1_A_11.6.23_MsGFAP_Stitch.tif,198,360,1.818,0.034,255,463.636,,,
,11.6.23,4.7.24,4.7.24,858,Two,WT,,,,,,P1_A_11.6.23_MsGFAP_Stitch.tif,21,118,5.619,0.011,255,1432.857,,,
,11.6.23,4.7.24,4.7.24,858,Two,WT,,,,,,P1_A_11.6.23_MsGFAP_Stitch.tif,312,1109,3.554,0.1,255,906.394,,,
,11.6.23,4.7.24,4.7.24,858,Two,WT,,,,,,P1_A_11.6.23_MsGFAP_Stitch.tif,303,652,2.152,0.059,255,548.713,,,
,11.6.23,4.7.24,4.7.24,858,Two,WT,,,,,,P1_A_11.6.23_MsGFAP_Stitch.tif,51,305,5.98,0.028,255,1525,,,
,11.6.23,4.16.24,4.16.24,604,One,HET,,,,,,P1_C_1106.23_Ms_GFAP_Stitch.tif,799,2352,2.944,0.152,255,750.638,,,
,11.6.23,4.16.24,4.16.24,604,One,HET,,,,,,P1_C_1106.23_Ms_GFAP_Stitch.tif,767,1508,1.966,0.097,255,501.356,,,
,11.6.23,4.16.24,4.16.24,604,One,HET,,,,,,P1_C_1106.23_Ms_GFAP_Stitch.tif,106,582,5.491,0.038,255,1400.094,,,
,11.6.23,4.16.24,4.16.24,604,One,HET,,,,,,NA,NA,NA,NA,NA,NA,NA,,,
,11.6.23,4.16.24,4.16.24,604,One,HET,,,,,,NA,NA,NA,NA,NA,NA,NA,,,
,11.6.23,4.16.24,4.16.24,604,One,HET,,,,,,NA,NA,NA,NA,NA,NA,NA,,,
,11.6.23,4.16.24,4.16.24,604,One,HET,,,,,,P1_D_1106.23_Ms_GFAP_Stitch.tif,538,2237,4.158,0.203,255,1060.288,,,
,11.6.23,4.16.24,4.16.24,604,One,HET,,,,,,P1_D_1106.23_Ms_GFAP_Stitch.tif,515,1061,2.06,0.096,255,525.35,,,
,11.6.23,4.16.24,4.16.24,604,One,HET,,,,,,P1_D_1106.23_Ms_GFAP_Stitch.tif,67,417,6.224,0.038,255,1587.09,,,
,11.6.23,4.16.24,4.16.24,604,One,HET,,,,,,P1_D_1106.23_Ms_GFAP_Stitch.tif,318,787,2.475,0.085,255,631.085,,,
,11.6.23,4.16.24,4.16.24,604,One,HET,,,,,,P1_D_1106.23_Ms_GFAP_Stitch.tif,312,585,1.875,0.063,255,478.125,,,
,11.6.23,4.16.24,4.16.24,604,One,HET,,,,,,P1_D_1106.23_Ms_GFAP_Stitch.tif,37,188,5.081,0.02,255,1295.676,,,